cliente,ciudad,valor,tipo cliente
13759,CALDERON,180.01,AUTOSERVICIO
15166,COLON,434.52,AUTOSERVICIO
15601,PORTOVIEJO,298.39,SUBDISTRIBUIDOR
15601,PORTOVIEJO,150.14,SUBDISTRIBUIDOR
15601,PORTOVIEJO,112.57,SUBDISTRIBUIDOR
15601,PORTOVIEJO,190.01,SUBDISTRIBUIDOR
15601,PORTOVIEJO,161.19,SUBDISTRIBUIDOR
11476,PORTOVIEJO,129.77,AUTOSERVICIO
12168,PORTOVIEJO,504.08,AUTOSERVICIO
15601,PORTOVIEJO,149.77,SUBDISTRIBUIDOR
15601,PORTOVIEJO,80.48,SUBDISTRIBUIDOR
14023,CALCETA,212.12,AUTOSERVICIO
15541,CALCETA,323.16,AUTOSERVICIO
13759,CALDERON,662.56,AUTOSERVICIO
15166,COLON,130.86,AUTOSERVICIO
15601,PORTOVIEJO,47.14,SUBDISTRIBUIDOR
15601,PORTOVIEJO,39.86,SUBDISTRIBUIDOR
15100,CHONE,432.17,COMERCIAL
15541,CALCETA,358.11,AUTOSERVICIO
15166,COLON,15.81,AUTOSERVICIO
15331,PORTOVIEJO,305.61,AUTOSERVICIO
11476,PORTOVIEJO,321.98,AUTOSERVICIO
15601,PORTOVIEJO,67.5,SUBDISTRIBUIDOR
15601,PORTOVIEJO,54.96,SUBDISTRIBUIDOR
15601,PORTOVIEJO,311.47,SUBDISTRIBUIDOR
15100,CHONE,210.07,COMERCIAL
15615,CALDERON,204.02,COMERCIAL
13373,CHONE,1024.45,COMERCIAL
13373,CHONE,294.18,COMERCIAL
15562,JUNIN,50.08,AUTOSERVICIO
13594,CANUTO,257.51,AUTOSERVICIO
15166,COLON,60.09,AUTOSERVICIO
13759,CALDERON,179.61,AUTOSERVICIO
15619,CALDERON,207.4,FARMACIA
13460,JUNIN,71.99,COMERCIAL
15621,CANUTO,40,COMERCIAL
14023,CALCETA,264.73,AUTOSERVICIO
11476,PORTOVIEJO,418.25,AUTOSERVICIO
12168,PORTOVIEJO,323.3,AUTOSERVICIO
13759,CALDERON,288,AUTOSERVICIO
15166,COLON,132.69,AUTOSERVICIO
15166,COLON,122.33,AUTOSERVICIO
15166,COLON,171.79,AUTOSERVICIO
15100,CHONE,1736,COMERCIAL
15166,COLON,32.58,AUTOSERVICIO
13594,CANUTO,168.97,AUTOSERVICIO
15623,CANUTO,36.11,COMERCIAL
13759,CALDERON,47.04,AUTOSERVICIO
15625,BAHIA,128.76,AUTOSERVICIO
15541,CALCETA,173.01,AUTOSERVICIO
15562,JUNIN,270.87,AUTOSERVICIO
15615,CALDERON,74.54,COMERCIAL
15631,CALDERON,348.24,PANALERA
15631,CALDERON,154.77,PANALERA
15632,CALDERON,179.27,PELUQUERIA
15633,ROCAFUERTE,174.81,PANALERA
15166,COLON,97.17,AUTOSERVICIO
12168,PORTOVIEJO,309.8,AUTOSERVICIO
11476,PORTOVIEJO,533.5,AUTOSERVICIO
11476,PORTOVIEJO,1452.68,AUTOSERVICIO
15166,COLON,327.72,AUTOSERVICIO
15166,COLON,128.91,AUTOSERVICIO
15166,COLON,87.89,AUTOSERVICIO
13759,CALDERON,586.73,AUTOSERVICIO
13759,CALDERON,104.08,AUTOSERVICIO
13759,CALDERON,115.4,AUTOSERVICIO
15166,COLON,140.13,AUTOSERVICIO
14023,CALCETA,587.99,AUTOSERVICIO
14023,CALCETA,98.22,AUTOSERVICIO
15541,CALCETA,696.73,AUTOSERVICIO
13594,CANUTO,198.49,AUTOSERVICIO
13594,CANUTO,89,AUTOSERVICIO
14056,CANUTO,140.77,FARMACIA
14056,CANUTO,106.62,FARMACIA
11838,BAHIA,210.13,COMERCIAL
11838,BAHIA,122.66,COMERCIAL
11838,BAHIA,89.24,COMERCIAL
15541,CALCETA,316.76,AUTOSERVICIO
12168,PORTOVIEJO,33.01,AUTOSERVICIO
15619,CALDERON,508.39,FARMACIA
15662,PORTOVIEJO,37.5,AUTOSERVICIO
15562,JUNIN,559.19,AUTOSERVICIO
14056,CANUTO,52.19,FARMACIA
13759,CALDERON,764.16,AUTOSERVICIO
15541,CALCETA,156.6,AUTOSERVICIO
15166,COLON,240.92,AUTOSERVICIO
15166,COLON,265.76,AUTOSERVICIO
15166,COLON,119.35,AUTOSERVICIO
15662,PORTOVIEJO,262.39,AUTOSERVICIO
11476,PORTOVIEJO,157.2,AUTOSERVICIO
15320,PORTOVIEJO,184.78,FARMACIA
15662,PORTOVIEJO,266.69,AUTOSERVICIO
12168,PORTOVIEJO,288.15,AUTOSERVICIO
13594,CANUTO,218.92,AUTOSERVICIO
15673,CALDERON,586.63,AUTOSERVICIO
13759,CALDERON,772.76,AUTOSERVICIO
15673,CALDERON,225.21,AUTOSERVICIO
15166,COLON,170.3,AUTOSERVICIO
11476,PORTOVIEJO,447.22,AUTOSERVICIO
12168,PORTOVIEJO,372.68,AUTOSERVICIO
14023,CALCETA,401.42,AUTOSERVICIO
15673,CALDERON,171.55,AUTOSERVICIO
15673,CALDERON,118.04,AUTOSERVICIO
13759,CALDERON,369.25,AUTOSERVICIO
14056,CANUTO,266.36,FARMACIA
15661,CHONE,389.2,COMERCIAL
15562,JUNIN,458.14,AUTOSERVICIO
15619,CALDERON,149.07,FARMACIA
13759,CALDERON,450.2,AUTOSERVICIO
15541,CALCETA,500.77,AUTOSERVICIO
13594,CANUTO,103.63,AUTOSERVICIO
15100,CHONE,288.15,COMERCIAL
12168,PORTOVIEJO,340.76,AUTOSERVICIO
13759,CALDERON,206.74,AUTOSERVICIO
13759,CALDERON,116.09,AUTOSERVICIO
13759,CALDERON,185.57,AUTOSERVICIO
15673,CALDERON,474.11,AUTOSERVICIO
15673,CALDERON,284.68,AUTOSERVICIO
13759,CALDERON,35.9,AUTOSERVICIO
14023,CALCETA,501.01,AUTOSERVICIO
15541,CALCETA,651.25,AUTOSERVICIO
12168,PORTOVIEJO,288.15,AUTOSERVICIO
13594,CANUTO,113.56,AUTOSERVICIO
15100,CHONE,548.63,COMERCIAL
15661,CHONE,216.66,COMERCIAL
15615,CALDERON,74.54,COMERCIAL
13594,CANUTO,297.25,AUTOSERVICIO
13594,CANUTO,48.52,AUTOSERVICIO
12168,PORTOVIEJO,301.82,AUTOSERVICIO
15662,PORTOVIEJO,71.99,AUTOSERVICIO
15685,ROCAFUERTE,172.11,AUTOSERVICIO
15166,COLON,231.85,AUTOSERVICIO
15166,COLON,182.15,AUTOSERVICIO
15331,PORTOVIEJO,776.41,AUTOSERVICIO
11476,PORTOVIEJO,390.31,AUTOSERVICIO
14056,CANUTO,99.47,FARMACIA
14023,CALCETA,351.29,AUTOSERVICIO
11476,PORTOVIEJO,68.39,AUTOSERVICIO
15563,ROCAFUERTE,79.28,TIENDA
15166,COLON,115.45,AUTOSERVICIO
13759,CALDERON,90.59,AUTOSERVICIO
15541,CALCETA,125.33,AUTOSERVICIO
14023,CALCETA,280.85,AUTOSERVICIO
15661,CHONE,488.79,COMERCIAL
15166,COLON,19.96,AUTOSERVICIO
15689,CHARAPOTO,1205.38,AUTOSERVICIO
12168,PORTOVIEJO,934.04,AUTOSERVICIO
11476,PORTOVIEJO,341.68,AUTOSERVICIO
16577,MANTA,85.56,TIENDA
15319,SAN VICENTE,298.14,AUTOSERVICIO
15541,CALCETA,1273.36,AUTOSERVICIO
15562,JUNIN,415.41,AUTOSERVICIO
15562,JUNIN,194.67,AUTOSERVICIO
15166,COLON,299.28,AUTOSERVICIO
15166,COLON,31.51,AUTOSERVICIO
12168,PORTOVIEJO,288.15,AUTOSERVICIO
15166,COLON,22.68,AUTOSERVICIO
13594,CANUTO,519.67,AUTOSERVICIO
15689,CHARAPOTO,280.01,AUTOSERVICIO
16578,RIO CHICO,71.99,TIENDA
14023,CALCETA,530.47,AUTOSERVICIO
14056,CANUTO,73.05,FARMACIA
15683,PUEBLO NUEVO,60.48,PANALERA
15562,JUNIN,96.25,AUTOSERVICIO
15693,PORTOVIEJO,299.07,FARMACIA
15166,COLON,241.39,AUTOSERVICIO
15693,PORTOVIEJO,167.61,FARMACIA
12168,PORTOVIEJO,92.89,AUTOSERVICIO
13759,CALDERON,568.14,AUTOSERVICIO
12168,PORTOVIEJO,452.74,AUTOSERVICIO
15619,CALDERON,191.99,FARMACIA
11476,PORTOVIEJO,125.87,AUTOSERVICIO
15661,CHONE,500.02,AUTOSERVICIO
13594,CANUTO,169.31,AUTOSERVICIO
15331,PORTOVIEJO,324.52,AUTOSERVICIO
15563,ROCAFUERTE,122.51,COMERCIAL
12168,PORTOVIEJO,527.28,AUTOSERVICIO
13594,CANUTO,58.13,AUTOSERVICIO
15541,CALCETA,187.96,AUTOSERVICIO
15661,CHONE,154.12,AUTOSERVICIO
16582,ROCAFUERTE,48.37,TIENDA
12168,PORTOVIEJO,1072.17,AUTOSERVICIO
15673,CALDERON,365.87,AUTOSERVICIO
15673,CALDERON,437.44,AUTOSERVICIO
15673,CALDERON,207.3,AUTOSERVICIO
13759,CALDERON,512.21,AUTOSERVICIO
13759,CALDERON,52.37,AUTOSERVICIO
15166,COLON,196.5,AUTOSERVICIO
15166,COLON,101.99,AUTOSERVICIO
12168,PORTOVIEJO,223.61,AUTOSERVICIO
15562,JUNIN,319.57,AUTOSERVICIO
14023,CALCETA,150.91,AUTOSERVICIO
15166,COLON,8.01,AUTOSERVICIO
13594,CANUTO,86.97,AUTOSERVICIO
15541,CALCETA,620.28,AUTOSERVICIO
16594,PORTOVIEJO,60.5,TIENDA
16595,PORTOVIEJO,130.73,AUTOSERVICIO
16595,PORTOVIEJO,33.62,AUTOSERVICIO
16596,SANTA ANA,128.68,AUTOSERVICIO
13759,CALDERON,366.67,AUTOSERVICIO
13759,CALDERON,99.18,AUTOSERVICIO
16598,CHONE,112.99,AUTOSERVICIO
16598,CHONE,531.1,AUTOSERVICIO
12168,PORTOVIEJO,288.15,AUTOSERVICIO
11476,PORTOVIEJO,260.37,AUTOSERVICIO
15166,COLON,297.02,AUTOSERVICIO
15166,COLON,70.88,AUTOSERVICIO
16594,PORTOVIEJO,12.58,TIENDA
12168,PORTOVIEJO,754.56,AUTOSERVICIO
16605,PORTOVIEJO,140.9,COMERCIAL
13783,PORTOVIEJO,65.38,TIENDA
15562,JUNIN,206.35,AUTOSERVICIO
15562,JUNIN,57.61,AUTOSERVICIO
15541,CALCETA,644.91,AUTOSERVICIO
13594,CANUTO,187.17,AUTOSERVICIO
14023,CALCETA,452.41,AUTOSERVICIO
14023,CALCETA,119.5,AUTOSERVICIO
11476,PORTOVIEJO,183.72,AUTOSERVICIO
15166,COLON,292.79,AUTOSERVICIO
15166,COLON,53.83,AUTOSERVICIO
12168,PORTOVIEJO,936.98,AUTOSERVICIO
12168,PORTOVIEJO,92.89,AUTOSERVICIO
13759,CALDERON,108.02,AUTOSERVICIO
14023,CALCETA,347.6,AUTOSERVICIO
15541,CALCETA,489.07,AUTOSERVICIO
14023,CALCETA,131.34,AUTOSERVICIO
12168,PORTOVIEJO,660.06,AUTOSERVICIO
11476,PORTOVIEJO,290.25,AUTOSERVICIO
15619,CALDERON,74.54,FARMACIA
15562,JUNIN,157.74,AUTOSERVICIO
15541,CALCETA,299.35,AUTOSERVICIO
16594,PORTOVIEJO,62.43,TIENDA
16605,PORTOVIEJO,139.45,COMERCIAL
16598,CHONE,294.51,AUTOSERVICIO
16598,CHONE,267.68,AUTOSERVICIO
16596,SANTA ANA,90.38,AUTOSERVICIO
12168,PORTOVIEJO,447.22,AUTOSERVICIO
15562,JUNIN,95.98,AUTOSERVICIO
15166,COLON,359.31,AUTOSERVICIO
15166,COLON,183.72,AUTOSERVICIO
15541,CALCETA,262.54,AUTOSERVICIO
12168,PORTOVIEJO,452.74,AUTOSERVICIO
15331,PORTOVIEJO,628.07,AUTOSERVICIO
16594,PORTOVIEJO,11.04,TIENDA
16605,PORTOVIEJO,82.32,COMERCIAL
15166,COLON,107.12,AUTOSERVICIO
15601,PORTOVIEJO,173.34,SUBDISTRIBUIDOR
15601,PORTOVIEJO,86.85,SUBDISTRIBUIDOR
15601,PORTOVIEJO,21.77,SUBDISTRIBUIDOR
15601,PORTOVIEJO,79.27,SUBDISTRIBUIDOR
15601,PORTOVIEJO,55,SUBDISTRIBUIDOR
15601,PORTOVIEJO,157.37,SUBDISTRIBUIDOR
15601,PORTOVIEJO,219.44,SUBDISTRIBUIDOR
15601,PORTOVIEJO,14.29,SUBDISTRIBUIDOR
15601,PORTOVIEJO,35.78,SUBDISTRIBUIDOR
15601,PORTOVIEJO,40.61,SUBDISTRIBUIDOR
15601,PORTOVIEJO,114.51,SUBDISTRIBUIDOR
15601,PORTOVIEJO,78,SUBDISTRIBUIDOR
15601,PORTOVIEJO,34.36,SUBDISTRIBUIDOR
15601,PORTOVIEJO,41.28,SUBDISTRIBUIDOR
15601,PORTOVIEJO,20.02,SUBDISTRIBUIDOR
15601,PORTOVIEJO,156.6,SUBDISTRIBUIDOR
15601,PORTOVIEJO,84.96,SUBDISTRIBUIDOR
15601,PORTOVIEJO,237.85,SUBDISTRIBUIDOR
15601,PORTOVIEJO,112.59,SUBDISTRIBUIDOR
15601,PORTOVIEJO,71.21,SUBDISTRIBUIDOR
15601,PORTOVIEJO,70.18,SUBDISTRIBUIDOR
15601,PORTOVIEJO,25.96,SUBDISTRIBUIDOR
15601,PORTOVIEJO,122.78,SUBDISTRIBUIDOR
15601,PORTOVIEJO,54.15,SUBDISTRIBUIDOR
15601,PORTOVIEJO,101.16,SUBDISTRIBUIDOR
15601,PORTOVIEJO,55.1,SUBDISTRIBUIDOR
15601,PORTOVIEJO,491.38,SUBDISTRIBUIDOR
15601,PORTOVIEJO,68.1,SUBDISTRIBUIDOR
15601,PORTOVIEJO,112.75,SUBDISTRIBUIDOR
15601,PORTOVIEJO,468,SUBDISTRIBUIDOR
15601,PORTOVIEJO,132.6,SUBDISTRIBUIDOR
15601,PORTOVIEJO,75.24,SUBDISTRIBUIDOR
15601,PORTOVIEJO,86.83,SUBDISTRIBUIDOR
15601,PORTOVIEJO,110.4,SUBDISTRIBUIDOR
15601,PORTOVIEJO,137.06,SUBDISTRIBUIDOR
15601,PORTOVIEJO,79.33,SUBDISTRIBUIDOR
15601,PORTOVIEJO,84.86,SUBDISTRIBUIDOR
15601,PORTOVIEJO,39.46,SUBDISTRIBUIDOR
15601,PORTOVIEJO,26.7,SUBDISTRIBUIDOR
15601,PORTOVIEJO,196.78,SUBDISTRIBUIDOR
15601,PORTOVIEJO,33.74,SUBDISTRIBUIDOR
15601,PORTOVIEJO,70.72,SUBDISTRIBUIDOR
15601,PORTOVIEJO,59.04,SUBDISTRIBUIDOR
15601,PORTOVIEJO,48.52,SUBDISTRIBUIDOR
15601,PORTOVIEJO,63.1,SUBDISTRIBUIDOR
15601,PORTOVIEJO,31.08,SUBDISTRIBUIDOR
15601,PORTOVIEJO,247.04,SUBDISTRIBUIDOR
15601,PORTOVIEJO,33.05,SUBDISTRIBUIDOR
15601,PORTOVIEJO,53.04,SUBDISTRIBUIDOR
15601,PORTOVIEJO,150.14,SUBDISTRIBUIDOR
15601,PORTOVIEJO,41.16,SUBDISTRIBUIDOR
15601,PORTOVIEJO,168.8,SUBDISTRIBUIDOR
15601,PORTOVIEJO,48.6,SUBDISTRIBUIDOR
15601,PORTOVIEJO,19.54,SUBDISTRIBUIDOR
15601,PORTOVIEJO,432.18,SUBDISTRIBUIDOR
15601,PORTOVIEJO,135.12,SUBDISTRIBUIDOR
15601,PORTOVIEJO,52.58,SUBDISTRIBUIDOR
15601,PORTOVIEJO,59.91,SUBDISTRIBUIDOR
15601,PORTOVIEJO,66.89,SUBDISTRIBUIDOR
15601,PORTOVIEJO,46.54,SUBDISTRIBUIDOR
15601,PORTOVIEJO,143.73,SUBDISTRIBUIDOR
15601,PORTOVIEJO,57.11,SUBDISTRIBUIDOR
15601,PORTOVIEJO,46.3,SUBDISTRIBUIDOR
15601,PORTOVIEJO,337.68,SUBDISTRIBUIDOR
15601,PORTOVIEJO,12.31,SUBDISTRIBUIDOR
15601,PORTOVIEJO,40.04,SUBDISTRIBUIDOR
15601,PORTOVIEJO,15.81,SUBDISTRIBUIDOR
15601,PORTOVIEJO,64.86,SUBDISTRIBUIDOR
15601,PORTOVIEJO,8.64,SUBDISTRIBUIDOR
15601,PORTOVIEJO,13.2,SUBDISTRIBUIDOR
15601,PORTOVIEJO,100.1,SUBDISTRIBUIDOR
15601,PORTOVIEJO,65.31,SUBDISTRIBUIDOR
15601,PORTOVIEJO,20.41,SUBDISTRIBUIDOR
15601,PORTOVIEJO,30.4,SUBDISTRIBUIDOR
15601,PORTOVIEJO,20.02,SUBDISTRIBUIDOR
15601,PORTOVIEJO,110.2,SUBDISTRIBUIDOR
15601,PORTOVIEJO,57.78,SUBDISTRIBUIDOR
15601,PORTOVIEJO,59.58,SUBDISTRIBUIDOR
15601,PORTOVIEJO,61.12,SUBDISTRIBUIDOR
15601,PORTOVIEJO,20.02,SUBDISTRIBUIDOR
15601,PORTOVIEJO,88.79,SUBDISTRIBUIDOR
15601,PORTOVIEJO,20.02,SUBDISTRIBUIDOR
15601,PORTOVIEJO,86.81,SUBDISTRIBUIDOR
15601,PORTOVIEJO,154.18,SUBDISTRIBUIDOR
13759,CALDERON,106.26,AUTOSERVICIO
12125,CALDERON,69.02,AUTOSERVICIO
13795,JUNIN,120.77,FARMACIA
10880,JUNIN,35.28,COMERCIAL
10104,CALCETA,162.92,FERRETERIA
13278,CHONE,131.14,FARMACIA
14011,CALCETA,75.96,NATURISTA
11405,ROCAFUERTE,414.59,AUTOSERVICIO
15146,CHARAPOTO,125.61,BAZAR
13772,BAHIA,203.9,AUTOSERVICIO
10184,PORTOVIEJO,47.68,TIENDA
13471,SAN CLEMENTE,49.71,FARMACIA
11405,ROCAFUERTE,315.01,AUTOSERVICIO
15146,CHARAPOTO,141.75,BAZAR
15539,CALDERON,62.5,AUTOSERVICIO
15014,JUNIN,90.27,BAZAR
10099,JUNIN,96.77,COMERCIAL
11575,ROCAFUERTE,68.43,PELUQUERIA
11203,LEONIDAS PLAZA,5.4,COMERCIAL
15616,CALDERON,66.52,AUTOSERVICIO
13965,CALDERON,3.06,COMERCIAL
12032,SANTA ANA,225,COMERCIAL
14095,SANTA ANA,79.76,COMERCIAL
15617,SANTA ANA,32.85,COMERCIAL
10242,SANTA ANA,15.99,TIENDA
15326,SANTA ANA,10.2,BAZAR
10242,SANTA ANA,20.92,TIENDA
10271,SAN VICENTE,103.34,COMERCIAL
15583,CHONE,454.37,SUBDISTRIBUIDOR
13887,CANUTO,167.63,COMERCIAL
13994,CANUTO,8.05,TIENDA
15540,CHARAPOTO,115.37,PANALERA
10104,CALCETA,72.6,FERRETERIA
15544,CALCETA,19.96,COMERCIAL
11763,BAHIA,95.32,COMERCIAL
10618,SAN CLEMENTE,60.71,BAZAR
14010,CALCETA,199.27,COMERCIAL
15618,CALCETA,27.47,COMERCIAL
15549,CALDERON,2.99,TIENDA
10108,CHARAPOTO,98.27,TIENDA
15620,CHARAPOTO,22.45,COMERCIAL
11226,SAN VICENTE,186.62,COMERCIAL
14090,CHARAPOTO,40.98,PANALERA
11973,SAN VICENTE,92.79,TIENDA
10177,LEONIDAS PLAZA,23.71,TIENDA
13954,JUNIN,106.16,TIENDA
15548,CANUTO,70.48,TIENDA
14056,CANUTO,72,FARMACIA
10139,CHONE,188.57,COMERCIAL
13375,CHONE,25.94,TIENDA
13278,CHONE,140.65,FARMACIA
10764,SANTA ANA,40.85,TIENDA
10242,SANTA ANA,26.44,TIENDA
14095,SANTA ANA,106.66,COMERCIAL
11751,SANTA ANA,42.22,TIENDA
15622,SANTA ANA,36.09,COMERCIAL
11973,SAN VICENTE,14.25,TIENDA
10618,SAN CLEMENTE,42.35,BAZAR
10081,PORTOVIEJO,199.1,COMERCIAL
13795,JUNIN,85.75,FARMACIA
11359,LEONIDAS PLAZA,46.68,COMERCIAL
10099,JUNIN,337.96,COMERCIAL
12157,CALCETA,164.64,COMERCIAL
14007,CALCETA,10.8,PELUQUERIA
15127,CANUTO,28.01,TIENDA
13994,CANUTO,5.98,TIENDA
10042,JUNIN,108.64,TIENDA
11216,CHONE,171.24,COMERCIAL
13786,CHONE,149.46,COMERCIAL
13066,CHONE,128.13,TIENDA
15582,CHONE,163.79,COMERCIAL
13278,CHONE,19.55,FARMACIA
13050,CALCETA,194.3,FERRETERIA
15332,CANUTO,170.81,COMERCIAL
15545,CANUTO,7.17,COMERCIAL
14029,CALCETA,4.8,TIENDA
15532,JUNIN,76.18,COMERCIAL
13795,JUNIN,160.16,FARMACIA
15014,JUNIN,82.97,BAZAR
12125,CALDERON,274.86,AUTOSERVICIO
15616,CALDERON,90.89,AUTOSERVICIO
14053,LEONIDAS PLAZA,116.44,COMERCIAL
11203,LEONIDAS PLAZA,41.83,COMERCIAL
15262,ROCAFUERTE,109.56,COMERCIAL
10677,LEONIDAS PLAZA,108.63,AUTOSERVICIO
10177,LEONIDAS PLAZA,102.17,TIENDA
13844,LEONIDAS PLAZA,36.16,TIENDA
15146,CHARAPOTO,41.25,BAZAR
14090,CHARAPOTO,37.62,PANALERA
11573,CHARAPOTO,19.09,TIENDA
13205,SANTA ANA,123.47,COMERCIAL
15103,SANTA ANA,206.26,COMERCIAL
13820,SANTA ANA,73.68,COMERCIAL
15627,SANTA ANA,72,TIENDA
15027,SANTA ANA,48.62,TIENDA
13926,SANTA ANA,30.42,TIENDA
13375,CHONE,12.14,TIENDA
10139,CHONE,87,COMERCIAL
12020,CHONE,332.64,SUBDISTRIBUIDOR
10099,JUNIN,259.06,COMERCIAL
10141,CHONE,61.44,COMERCIAL
15572,CHONE,201.18,COMERCIAL
13460,JUNIN,26.73,COMERCIAL
15618,CALCETA,130.07,COMERCIAL
14007,CALCETA,27.15,PELUQUERIA
15539,CALDERON,173.17,AUTOSERVICIO
15611,JUNIN,262.56,AUTOSERVICIO
13050,CALCETA,5.6,FERRETERIA
15629,CALDERON,2,TIENDA
10099,JUNIN,36.6,COMERCIAL
15624,JUNIN,26.14,TIENDA
15014,JUNIN,89.49,BAZAR
13548,ROCAFUERTE,162.16,PANALERA
13448,RIO CHICO,202.12,TIENDA
13448,RIO CHICO,43.34,TIENDA
11405,ROCAFUERTE,223.13,AUTOSERVICIO
12939,SANTA ANA,85.73,TIENDA
12872,SANTA ANA,22.32,TIENDA
10242,SANTA ANA,5.76,TIENDA
11991,SANTA ANA,129.53,COMERCIAL
15328,CALDERON,100.1,COMERCIAL
10880,JUNIN,47.34,COMERCIAL
12157,CALCETA,72,COMERCIAL
11683,CHONE,233.88,TIENDA
15623,CANUTO,31.39,TIENDA
15545,CANUTO,27.2,COMERCIAL
13278,CHONE,53.3,FARMACIA
10104,CALCETA,82.5,FERRETERIA
15621,CANUTO,61,COMERCIAL
15605,CHONE,52.8,FARMACIA
10139,CHONE,175.36,COMERCIAL
13394,CALDERON,116.2,TIENDA
15616,CALDERON,137.16,AUTOSERVICIO
12125,CALDERON,173.81,AUTOSERVICIO
10184,PORTOVIEJO,170.85,TIENDA
15642,PORTOVIEJO,36.84,TIENDA
10184,PORTOVIEJO,58.65,TIENDA
13855,PORTOVIEJO,72.77,FARMACIA
13855,PORTOVIEJO,66.03,FARMACIA
13855,PORTOVIEJO,119.65,FARMACIA
13855,PORTOVIEJO,115.05,FARMACIA
15634,PORTOVIEJO,24.5,AUTOSERVICIO
12818,PORTOVIEJO,19.35,TIENDA
15230,PORTOVIEJO,74.52,TIENDA
15230,PORTOVIEJO,47.36,TIENDA
13855,PORTOVIEJO,71.3,FARMACIA
15634,PORTOVIEJO,70.01,TIENDA
15230,PORTOVIEJO,84.26,TIENDA
15642,PORTOVIEJO,29.27,TIENDA
15642,PORTOVIEJO,72,TIENDA
15636,PORTOVIEJO,15.75,TIENDA
15642,PORTOVIEJO,6.29,TIENDA
15570,PORTOVIEJO,17.54,TIENDA
13095,PORTOVIEJO,19.07,TIENDA
15642,PORTOVIEJO,52.58,TIENDA
15642,PORTOVIEJO,28.38,TIENDA
15642,PORTOVIEJO,83.25,TIENDA
15642,PORTOVIEJO,23.12,TIENDA
15642,PORTOVIEJO,13.87,TIENDA
15642,PORTOVIEJO,9.5,TIENDA
15642,PORTOVIEJO,6.01,TIENDA
15642,PORTOVIEJO,10.01,TIENDA
15642,PORTOVIEJO,10.01,TIENDA
15646,PORTOVIEJO,18.6,TIENDA
15647,PORTOVIEJO,18.96,TIENDA
13541,PORTOVIEJO,125.84,COMERCIAL
15649,PORTOVIEJO,11.65,TIENDA
15667,PORTOVIEJO,2,TIENDA
16586,PORTOVIEJO,19.38,TIENDA
16609,PORTOVIEJO,27.96,TIENDA
15641,PORTOVIEJO,15.57,TIENDA
15636,PORTOVIEJO,52.41,TIENDA
15166,COLON,288,AUTOSERVICIO
16617,PORTOVIEJO,287.72,FARMACIA
15642,PORTOVIEJO,11.16,TIENDA
15539,CALDERON,288.5,AUTOSERVICIO
15539,CALDERON,194.57,AUTOSERVICIO
15539,CALDERON,121.8,AUTOSERVICIO
15539,CALDERON,42.6,AUTOSERVICIO
10462,PORTOVIEJO,72,FARMACIA
16617,PORTOVIEJO,171.38,FARMACIA
13095,PORTOVIEJO,15.57,TIENDA
15570,PORTOVIEJO,27.7,TIENDA
16617,PORTOVIEJO,393.75,FARMACIA
16591,PORTOVIEJO,25.58,TIENDA
16591,PORTOVIEJO,17.99,TIENDA
15687,PORTOVIEJO,85.5,COMISARIATO
15687,PORTOVIEJO,40.79,COMISARIATO
15687,PORTOVIEJO,12.5,COMISARIATO
15687,PORTOVIEJO,90.9,COMISARIATO
15687,PORTOVIEJO,130.82,COMISARIATO
15659,PORTOVIEJO,33.53,TIENDA
15616,CALDERON,734.23,AUTOSERVICIO
15616,CALDERON,58.96,AUTOSERVICIO
12125,CALDERON,311.94,AUTOSERVICIO
15539,CALDERON,277.16,AUTOSERVICIO
15611,JUNIN,154.92,AUTOSERVICIO
15611,JUNIN,191.65,AUTOSERVICIO
13795,JUNIN,279.04,FARMACIA
13795,JUNIN,24.4,FARMACIA
15624,JUNIN,18,TIENDA
15532,JUNIN,183.46,AUTOSERVICIO
10042,JUNIN,71.63,TIENDA
13460,JUNIN,44.28,COMERCIAL
15166,COLON,360,AUTOSERVICIO
13795,JUNIN,48.55,FARMACIA
12125,CALDERON,53.86,AUTOSERVICIO
14028,JUNIN,56.51,TIENDA
14028,JUNIN,36.05,TIENDA
10104,CALCETA,237.21,FERRETERIA
15618,CALCETA,29.59,COMERCIAL
12157,CALCETA,803.96,COMERCIAL
14028,JUNIN,57.86,TIENDA
13994,CANUTO,19.07,TIENDA
15621,CANUTO,77,COMERCIAL
15621,CANUTO,61.28,COMERCIAL
15332,CANUTO,97.87,COMERCIAL
15332,CANUTO,156.47,COMERCIAL
15332,CANUTO,92.61,COMERCIAL
15548,CANUTO,46.53,BAZAR
13759,CALDERON,120.12,AUTOSERVICIO
15616,CALDERON,59.76,AUTOSERVICIO
15127,CANUTO,30.41,TIENDA
15332,CANUTO,33,COMERCIAL
13786,CHONE,23.58,COMERCIAL
13278,CHONE,446.75,FARMACIA
13377,CHONE,7.07,TIENDA
13675,CHONE,17.08,TIENDA
13786,CHONE,31.68,COMERCIAL
12020,CHONE,483.84,SUBDISTRIBUIDOR
10993,SAN VICENTE,54.42,NATURISTA
10993,SAN VICENTE,41.58,NATURISTA
11226,SAN VICENTE,157.92,COMERCIAL
12975,SAN VICENTE,72,FARMACIA
13283,SAN VICENTE,205.26,COMERCIAL
15625,BAHIA,86.4,AUTOSERVICIO
13772,BAHIA,236.97,AUTOSERVICIO
11763,BAHIA,206.79,COMERCIAL
13283,SAN VICENTE,22.04,COMERCIAL
15659,PORTOVIEJO,27.59,COMERCIAL
15659,PORTOVIEJO,114.67,COMERCIAL
13844,LEONIDAS PLAZA,67.61,TIENDA
10271,SAN VICENTE,96.43,COMERCIAL
15319,SAN VICENTE,962.4,COMERCIAL
10177,LEONIDAS PLAZA,107.09,TIENDA
13873,LEONIDAS PLAZA,46.89,TIENDA
11359,LEONIDAS PLAZA,44.64,COMERCIAL
15636,PORTOVIEJO,58.79,TIENDA
14003,PORTOVIEJO,650.74,COMERCIAL
10081,PORTOVIEJO,123.14,COMERCIAL
15540,CHARAPOTO,4.8,TIENDA
11203,LEONIDAS PLAZA,76.16,COMERCIAL
11405,ROCAFUERTE,218.64,AUTOSERVICIO
10081,PORTOVIEJO,388.07,COMERCIAL
10081,PORTOVIEJO,246.81,COMERCIAL
15157,LEONIDAS PLAZA,39.11,COMERCIAL
10184,PORTOVIEJO,233.18,TIENDA
12104,SANTA ANA,151.68,COMERCIAL
11991,SANTA ANA,89.28,COMERCIAL
15627,SANTA ANA,76.8,TIENDA
12032,SANTA ANA,168.17,COMERCIAL
15617,SANTA ANA,99.13,TIENDA
14095,SANTA ANA,129,COMERCIAL
10764,SANTA ANA,45.17,TIENDA
13926,SANTA ANA,24.72,TIENDA
12068,SANTA ANA,377.15,TIENDA
10184,PORTOVIEJO,52.11,TIENDA
15660,CHONE,53.02,TIENDA
15660,CHONE,40.2,TIENDA
15014,JUNIN,20.64,BAZAR
12020,CHONE,111.6,SUBDISTRIBUIDOR
12157,CALCETA,671.49,COMERCIAL
15661,CHONE,185.4,COMERCIAL
13278,CHONE,51.83,FARMACIA
15230,PORTOVIEJO,93.78,TIENDA
10099,JUNIN,80.35,COMERCIAL
13759,CALDERON,35.73,AUTOSERVICIO
12125,CALDERON,90,COMERCIAL
15616,CALDERON,39.85,AUTOSERVICIO
15615,CALDERON,364.8,FARMACIA
10880,JUNIN,42.99,TIENDA
13460,JUNIN,121.77,COMERCIAL
13795,JUNIN,154.15,COMERCIAL
14010,CALCETA,72,COMERCIAL
10104,CALCETA,100.22,FERRETERIA
14029,CALCETA,65.01,TIENDA
15660,CHONE,14.14,TIENDA
13887,CANUTO,145.85,COMERCIAL
13887,CANUTO,106.5,COMERCIAL
15127,CANUTO,19.44,TIENDA
13448,RIO CHICO,18.75,TIENDA
13786,CHONE,193.15,COMERCIAL
13887,CANUTO,9.6,COMERCIAL
10139,CHONE,169.41,COMERCIAL
15661,CHONE,153.38,COMERCIAL
10141,CHONE,8.68,COMERCIAL
12020,CHONE,68.4,SUBDISTRIBUIDOR
13066,CHONE,20.86,TIENDA
11156,SAN VICENTE,74.26,TIENDA
13995,SAN VICENTE,22.8,COMERCIAL
11226,SAN VICENTE,637.27,SUBDISTRIBUIDOR
11973,SAN VICENTE,220.99,COMERCIAL
12832,SAN VICENTE,71.34,TIENDA
15230,PORTOVIEJO,58.17,TIENDA
15634,PORTOVIEJO,150.77,TIENDA
15634,PORTOVIEJO,185.78,TIENDA
15634,PORTOVIEJO,8.28,TIENDA
13772,BAHIA,177.65,AUTOSERVICIO
10675,BAHIA,14.33,TIENDA
11838,BAHIA,188.31,AUTOSERVICIO
15625,BAHIA,72,AUTOSERVICIO
10177,LEONIDAS PLAZA,67.23,TIENDA
10677,LEONIDAS PLAZA,4.8,AUTOSERVICIO
11308,LEONIDAS PLAZA,148.85,COMERCIAL
13772,BAHIA,10.04,AUTOSERVICIO
15152,LEONIDAS PLAZA,172.8,COMERCIAL
13838,CHARAPOTO,175.27,FARMACIA
15627,SANTA ANA,237.91,TIENDA
15027,SANTA ANA,74.61,COMERCIAL
11991,SANTA ANA,124.54,COMERCIAL
15622,SANTA ANA,33.69,COMERCIAL
13169,SANTA ANA,161.52,COMERCIAL
10764,SANTA ANA,19.31,TIENDA
10242,SANTA ANA,10.01,TIENDA
12872,SANTA ANA,44.34,TIENDA
15319,SAN VICENTE,1260.68,COMERCIAL
13887,CANUTO,30,COMERCIAL
12020,CHONE,53.82,SUBDISTRIBUIDOR
15539,CALDERON,645.83,AUTOSERVICIO
15539,CALDERON,91.53,AUTOSERVICIO
15616,CALDERON,42.96,AUTOSERVICIO
12125,CALDERON,328.5,COMERCIAL
13278,CHONE,126.83,FARMACIA
15663,CALDERON,42.22,TIENDA
15663,CALDERON,36.5,TIENDA
13394,CALDERON,204.49,COMERCIAL
11405,ROCAFUERTE,96,AUTOSERVICIO
14028,JUNIN,28.2,TIENDA
15014,JUNIN,107.28,BAZAR
15532,JUNIN,152.08,COMERCIAL
40382,JUNIN,60.06,COMERCIAL
14010,CALCETA,6.72,COMERCIAL
15618,CALCETA,209.88,COMERCIAL
12157,CALCETA,535.11,COMERCIAL
13448,RIO CHICO,115.23,TIENDA
13448,RIO CHICO,178.6,TIENDA
14028,JUNIN,15,TIENDA
15611,JUNIN,155.69,AUTOSERVICIO
13795,JUNIN,214.16,FARMACIA
13278,CHONE,201.29,FARMACIA
15661,CHONE,373.94,COMERCIAL
13066,CHONE,19.9,TIENDA
13375,CHONE,12.77,TIENDA
11216,PORTOVIEJO,26.76,TIENDA
15583,CHONE,183.6,SUBDISTRIBUIDOR
14028,JUNIN,19.14,TIENDA
13050,CALCETA,384.7,FERRETERIA
12020,CHONE,144,SUBDISTRIBUIDOR
14011,CALCETA,60.3,NATURISTA
15548,CANUTO,65.8,BAZAR
15621,CANUTO,74.34,COMERCIAL
13594,CANUTO,99.57,AUTOSERVICIO
15664,CANUTO,14.4,TIENDA
15127,CANUTO,20.92,TIENDA
13994,CANUTO,7.2,TIENDA
13786,CHONE,138.13,COMERCIAL
15319,SAN VICENTE,53.82,COMERCIAL
13050,CALCETA,25,FERRETERIA
10993,SAN VICENTE,144,NATURISTA
12975,SAN VICENTE,214.04,FARMACIA
10677,LEONIDAS PLAZA,60.06,AUTOSERVICIO
10177,LEONIDAS PLAZA,93.11,TIENDA
14053,LEONIDAS PLAZA,127.04,AUTOSERVICIO
13471,SAN CLEMENTE,48.31,FARMACIA
11224,SAN CLEMENTE,34.01,BAZAR
10993,SAN VICENTE,80.78,NATURISTA
15642,PORTOVIEJO,11.52,TIENDA
12104,SANTA ANA,103.68,AUTOSERVICIO
15665,SANTA ANA,120.06,COMERCIAL
15622,SANTA ANA,218.78,COMERCIAL
20926,SANTA ANA,38.63,TIENDA
10081,PORTOVIEJO,667.81,COMERCIAL
15636,PORTOVIEJO,6.25,TIENDA
15687,PORTOVIEJO,11.02,COMISARIATO
15687,PORTOVIEJO,109.66,COMISARIATO
15687,PORTOVIEJO,3.94,COMISARIATO
15687,PORTOVIEJO,15.39,COMISARIATO
15687,PORTOVIEJO,99.18,COMISARIATO
15687,PORTOVIEJO,35.51,COMISARIATO
15687,PORTOVIEJO,61.53,COMISARIATO
15687,PORTOVIEJO,50.19,COMISARIATO
15687,PORTOVIEJO,77.05,COMISARIATO
12818,PORTOVIEJO,23.32,TIENDA
12088,CALDERON,22.33,TIENDA
11253,CALDERON,24.5,TIENDA
15549,CALDERON,12,TIENDA
15671,CALDERON,18.17,BAZAR
15616,CALDERON,40.17,AUTOSERVICIO
15615,CALDERON,24,FARMACIA
14028,JUNIN,29.21,TIENDA
15014,JUNIN,73.36,BAZAR
13795,JUNIN,192.66,FARMACIA
15532,JUNIN,11.4,COMERCIAL
40382,JUNIN,68.4,COMERCIAL
10104,CALCETA,192.12,FERRETERIA
14010,CALCETA,34.8,COMERCIAL
15618,CALCETA,151.18,COMERCIAL
12157,CALCETA,219.7,COMERCIAL
15030,CALCETA,10.01,TIENDA
14010,CALCETA,27.59,COMERCIAL
15548,CANUTO,12.12,BAZAR
15332,CANUTO,144.43,COMERCIAL
13887,CANUTO,64,COMERCIAL
15545,CANUTO,21.26,COMERCIAL
15661,CHONE,243.71,COMERCIAL
15583,CHONE,374.78,SUBDISTRIBUIDOR
12020,CHONE,196.8,SUBDISTRIBUIDOR
15605,CHONE,16.35,FARMACIA
15672,SAN VICENTE,22.01,TIENDA
10271,SAN VICENTE,99.69,COMERCIAL
11405,ROCAFUERTE,70.07,AUTOSERVICIO
13448,RIO CHICO,12,TIENDA
11838,BAHIA,164.4,AUTOSERVICIO
15673,CALDERON,76.32,AUTOSERVICIO
13995,SAN VICENTE,80.96,COMERCIAL
15671,CALDERON,14,PAPELERIA
15146,CHARAPOTO,172.2,BAZAR
13816,CHARAPOTO,71.93,TIENDA
15674,CHARAPOTO,45.19,PANALERA
16573,SAN JACINTO,58.89,TIENDA
15152,LEONIDAS PLAZA,125.82,COMERCIAL
30322,LEONIDAS PLAZA,33.9,TIENDA
13772,BAHIA,199.25,AUTOSERVICIO
10993,SAN VICENTE,201.73,NATURISTA
10462,PORTOVIEJO,72,FARMACIA
14003,PORTOVIEJO,226.02,COMERCIAL
15260,ROCAFUERTE,58.95,BAZAR
15676,ROCAFUERTE,26.47,TIENDA
14045,ROCAFUERTE,74.47,COMERCIAL
15677,ROCAFUERTE,37.5,TIENDA
15678,RIO CHICO,46.67,TIENDA
15687,PORTOVIEJO,21.79,COMISARIATO
15687,PORTOVIEJO,56.4,COMISARIATO
10104,CALCETA,85.11,FERRETERIA
15616,CALDERON,74.54,AUTOSERVICIO
15659,PORTOVIEJO,42.7,TIENDA
15658,PORTOVIEJO,3.26,TIENDA
12818,PORTOVIEJO,31.35,TIENDA
15648,PORTOVIEJO,19.6,TIENDA
15645,PORTOVIEJO,21.64,TIENDA
15647,PORTOVIEJO,10.3,TIENDA
10184,PORTOVIEJO,452.99,TIENDA
15549,CALDERON,29.6,TIENDA
15673,CALDERON,8.16,AUTOSERVICIO
13795,JUNIN,13.11,FARMACIA
15624,JUNIN,29.46,TIENDA
15532,JUNIN,13.8,COMERCIAL
15562,JUNIN,13.04,AUTOSERVICIO
13460,JUNIN,146.61,COMERCIAL
10099,JUNIN,146.52,COMERCIAL
14010,CALCETA,6.9,COMERCIAL
15618,CALCETA,26.22,COMERCIAL
14011,CALCETA,72,NATURISTA
12157,CALCETA,190.66,COMERCIAL
10184,PORTOVIEJO,13.11,TIENDA
13997,PUEBLO NUEVO,132.64,TIENDA
14056,CANUTO,52.68,FARMACIA
13278,CHONE,105.24,FARMACIA
15605,CHONE,25.69,FARMACIA
11216,CHONE,74.82,COMERCIAL
15583,CHONE,74.52,SUBDISTRIBUIDOR
12020,CHONE,156.03,SUBDISTRIBUIDOR
15539,CALDERON,291.96,AUTOSERVICIO
15539,CALDERON,327.46,AUTOSERVICIO
15539,CALDERON,223.93,AUTOSERVICIO
15539,CALDERON,166.79,AUTOSERVICIO
15539,CALDERON,162.43,AUTOSERVICIO
15539,CALDERON,146.88,AUTOSERVICIO
15539,CALDERON,144.4,AUTOSERVICIO
15605,CHONE,18.29,FARMACIA
11763,BAHIA,141.19,COMERCIAL
30322,LEONIDAS PLAZA,84.48,TIENDA
15539,CALDERON,257.56,AUTOSERVICIO
15539,CALDERON,139.52,AUTOSERVICIO
11405,ROCAFUERTE,170.16,AUTOSERVICIO
13541,PORTOVIEJO,14.28,COMERCIAL
15539,CALDERON,188.69,AUTOSERVICIO
15539,CALDERON,30.4,AUTOSERVICIO
12832,SAN VICENTE,72.48,TIENDA
11359,LEONIDAS PLAZA,196.41,COMERCIAL
13838,CHARAPOTO,173.57,FARMACIA
100001,PORTOVIEJO,132.41,COMERCIAL
15027,SANTA ANA,26.18,COMERCIAL
13205,SANTA ANA,22.6,COMERCIAL
14095,SANTA ANA,13.11,COMERCIAL
12818,PORTOVIEJO,34.2,TIENDA
15625,BAHIA,94.56,AUTOSERVICIO
15328,CALDERON,28.8,COMERCIAL
12125,CALDERON,423.65,AUTOSERVICIO
14028,JUNIN,52.85,TIENDA
15014,JUNIN,148.71,BAZAR
10042,JUNIN,71.2,TIENDA
13795,JUNIN,33.62,FARMACIA
15532,JUNIN,62.5,COMERCIAL
10099,JUNIN,83.4,COMERCIAL
13954,JUNIN,334.44,COMERCIAL
14007,CALCETA,73.19,PELUQUERIA
10104,CALCETA,69.6,FERRETERIA
14010,CALCETA,43.76,COMERCIAL
13050,CALCETA,21.71,FERRETERIA
14007,CALCETA,41.52,PELUQUERIA
15618,CALCETA,128.02,COMERCIAL
12157,CALCETA,355.12,COMERCIAL
15621,CANUTO,20.96,COMERCIAL
13887,CANUTO,4.8,COMERCIAL
13594,CANUTO,71.29,AUTOSERVICIO
15572,CHONE,15.07,COMERCIAL
13786,CHONE,135.99,COMERCIAL
15659,PORTOVIEJO,38.45,TIENDA
15660,CHONE,38,TIENDA
11575,ROCAFUERTE,54.45,PANALERA
15349,ROCAFUERTE,32.64,COMERCIAL
10108,CHARAPOTO,70.25,COMERCIAL
15674,CHARAPOTO,38.93,PANALERA
15020,LEONIDAS PLAZA,114.13,COMERCIAL
14021,LEONIDAS PLAZA,100.1,COMERCIAL
15681,LEONIDAS PLAZA,70.23,COMERCIAL
30322,LEONIDAS PLAZA,22.59,TIENDA
13844,LEONIDAS PLAZA,86.45,TIENDA
11838,BAHIA,151.56,AUTOSERVICIO
13471,SAN CLEMENTE,12.28,FARMACIA
11405,ROCAFUERTE,18,AUTOSERVICIO
13448,RIO CHICO,17.82,TIENDA
15642,PORTOVIEJO,11.39,TIENDA
10242,SANTA ANA,29.01,TIENDA
15103,SANTA ANA,43.63,COMERCIAL
10764,SANTA ANA,43,TIENDA
12032,SANTA ANA,77.24,COMERCIAL
12939,SANTA ANA,164.24,COMERCIAL
11991,SANTA ANA,251.5,COMERCIAL
14095,SANTA ANA,54.6,COMERCIAL
13795,JUNIN,123.32,FARMACIA
13095,PORTOVIEJO,15.07,TIENDA
10081,PORTOVIEJO,65.42,COMERCIAL
16584,PORTOVIEJO,17.86,TIENDA
14018,PORTOVIEJO,21.49,TIENDA
11253,CALDERON,10.5,TIENDA
11243,CALDERON,55.71,BAZAR
15549,CALDERON,42.85,TIENDA
15632,CALDERON,43.74,PELUQUERIA
13545,JUNIN,54.05,TIENDA
13965,CALDERON,19.11,COMERCIAL
15328,CALDERON,395.84,COMERCIAL
15328,CALDERON,64.5,COMERCIAL
15682,PUEBLO NUEVO,70.3,TIENDA
15683,PUEBLO NUEVO,62.2,TIENDA
15684,PUEBLO NUEVO,106.87,TIENDA
15014,JUNIN,158.96,BAZAR
15030,CALCETA,49.42,TIENDA
14010,CALCETA,222.71,COMERCIAL
12157,CALCETA,277.63,COMERCIAL
14029,CALCETA,58.56,TIENDA
14056,CANUTO,38.85,FARMACIA
15621,CANUTO,6.9,COMERCIAL
15127,CANUTO,65.08,TIENDA
15545,CANUTO,179.78,COMERCIAL
13873,LEONIDAS PLAZA,191.51,COMERCIAL
30374,CHARAPOTO,311.58,COMERCIAL
30374,CHARAPOTO,105.08,COMERCIAL
10880,JUNIN,58.23,COMERCIAL
15672,SAN VICENTE,20.02,TIENDA
10675,BAHIA,108.59,TIENDA
15248,CHARAPOTO,45.25,TIENDA
15584,SAN CLEMENTE,54.08,TIENDA
13390,SAN CLEMENTE,18.51,TIENDA
15343,ROCAFUERTE,91.51,COMERCIAL
13451,SAN VICENTE,53.58,FARMACIA
16573,SAN JACINTO,23.92,TIENDA
13448,RIO CHICO,19.02,TIENDA
11226,SAN VICENTE,150.48,SUBDISTRIBUIDOR
13887,CANUTO,105.86,COMERCIAL
13887,CANUTO,20.24,COMERCIAL
15632,CALDERON,47.07,PELUQUERIA
13954,JUNIN,150.91,AUTOSERVICIO
10042,JUNIN,18.86,TIENDA
15611,JUNIN,209.19,AUTOSERVICIO
10104,CALCETA,61.29,FERRETERIA
15532,JUNIN,53.8,COMERCIAL
13795,JUNIN,100,FARMACIA
13545,JUNIN,93.91,COMERCIAL
13678,JUNIN,50.41,COMERCIAL
14028,JUNIN,86.94,TIENDA
15585,CALCETA,135.53,COMERCIAL
12157,CALCETA,200.28,COMERCIAL
13375,CHONE,14.2,TIENDA
15545,CANUTO,10.01,COMERCIAL
13050,CALCETA,30.44,FERRETERIA
15548,CANUTO,19.22,BAZAR
12020,CHONE,390.48,SUBDISTRIBUIDOR
16000,CHONE,88.53,NATURISTA
15661,CHONE,75.46,COMERCIAL
13278,CHONE,58.24,FARMACIA
15605,CHONE,30.9,FARMACIA
10141,CHONE,159.98,COMERCIAL
13786,CHONE,62.38,COMERCIAL
13448,RIO CHICO,60.13,TIENDA
13759,CALDERON,45.85,AUTOSERVICIO
11253,CALDERON,31.95,TIENDA
15549,CALDERON,71.62,TIENDA
15328,CALDERON,38.99,COMERCIAL
15616,CALDERON,83.87,AUTOSERVICIO
15700,CALDERON,34.12,TIENDA
11243,CALDERON,14.51,BAZAR
15624,JUNIN,12.58,AUTOSERVICIO
13795,JUNIN,52.63,FARMACIA
10104,CALCETA,48,FERRETERIA
15585,CALCETA,48,COMERCIAL
15682,PUEBLO NUEVO,21.76,TIENDA
12157,CALCETA,355.72,COMERCIAL
15532,JUNIN,39.27,COMERCIAL
12712,JUNIN,557.01,COMERCIAL
13887,CANUTO,29.59,COMERCIAL
15332,CANUTO,198.56,COMERCIAL
15332,CANUTO,50.4,COMERCIAL
15701,CHONE,29.58,COMERCIAL
15661,CHONE,32.24,COMERCIAL
15702,CHONE,275.94,COMERCIAL
15659,PORTOVIEJO,24.76,TIENDA
15681,LEONIDAS PLAZA,24,TIENDA
15319,SAN VICENTE,58.56,COMERCIAL
11838,BAHIA,147.96,AUTOSERVICIO
15625,BAHIA,118.66,AUTOSERVICIO
13451,SAN VICENTE,22.32,FARMACIA
10690,CHONE,9.2,TIENDA
15703,CHONE,99.44,COMERCIAL
14053,LEONIDAS PLAZA,122.38,AUTOSERVICIO
10271,SAN VICENTE,89.19,COMERCIAL
10108,CHARAPOTO,72,TIENDA
14053,LEONIDAS PLAZA,51.09,AUTOSERVICIO
12781,PORTOVIEJO,132.12,TIENDA
15349,ROCAFUERTE,22.87,TIENDA
13838,CHARAPOTO,114.66,BAZAR
15659,PORTOVIEJO,72,TIENDA
13548,ROCAFUERTE,189.17,TIENDA
16574,ROCAFUERTE,26.01,TIENDA
15103,SANTA ANA,27.2,COMERCIAL
13205,SANTA ANA,72,COMERCIAL
13944,SANTA ANA,265.78,COMERCIAL
15622,SANTA ANA,36.79,COMERCIAL
15022,SANTA ANA,117.08,COMERCIAL
13169,SANTA ANA,306.15,COMERCIAL
13169,SANTA ANA,170.56,COMERCIAL
12781,PORTOVIEJO,309.49,TIENDA
13394,CALDERON,92.54,COMERCIAL
11243,CALDERON,54.32,BAZAR
15616,CALDERON,28.99,AUTOSERVICIO
12125,CALDERON,700.26,AUTOSERVICIO
15532,JUNIN,20.49,COMERCIAL
13678,JUNIN,22.01,COMERCIAL
13460,JUNIN,167.78,COMERCIAL
14028,JUNIN,122.82,TIENDA
10386,CALCETA,101.67,TIENDA
15585,CALCETA,78.42,COMERCIAL
10099,JUNIN,22,COMERCIAL
14028,JUNIN,32.73,TIENDA
13887,CANUTO,14,COMERCIAL
12125,CALDERON,129.86,AUTOSERVICIO
15636,PORTOVIEJO,68.6,TIENDA
15230,PORTOVIEJO,101.43,TIENDA
15230,PORTOVIEJO,3.6,TIENDA
12157,CALCETA,114.81,COMERCIAL
13795,JUNIN,26.4,FARMACIA
15701,CHONE,44.61,TIENDA
15605,CHONE,24.86,FARMACIA
10139,CHONE,247.72,COMERCIAL
15702,CHONE,76.95,COMERCIAL
11763,BAHIA,45.6,COMERCIAL
10993,SAN VICENTE,113,NATURISTA
10177,LEONIDAS PLAZA,79.85,TIENDA
13066,CHONE,14.2,TIENDA
15572,CHONE,30.16,COMERCIAL
15572,CHONE,94.84,COMERCIAL
15584,SAN CLEMENTE,52.48,TIENDA
11226,SAN VICENTE,153.98,COMERCIAL
13471,SAN CLEMENTE,120.17,FARMACIA
15322,SAN JACINTO,30.36,TIENDA
10108,CHARAPOTO,42.24,TIENDA
16575,CHARAPOTO,27.21,TIENDA
15686,CHARAPOTO,33.2,TIENDA
13471,SAN CLEMENTE,32.73,FARMACIA
14018,PORTOVIEJO,30.03,TIENDA
13448,RIO CHICO,83,TIENDA
13926,SANTA ANA,24.76,TIENDA
12872,SANTA ANA,28.55,TIENDA
10764,SANTA ANA,34.34,TIENDA
12104,SANTA ANA,36.92,COMERCIAL
10242,SANTA ANA,15.3,COMERCIAL
30066,PORTOVIEJO,5.75,TIENDA
16614,PORTOVIEJO,72,TIENDA
15688,CALDERON,41.92,TIENDA
10880,JUNIN,40.8,COMERCIAL
13795,JUNIN,60.68,FARMACIA
13954,JUNIN,150.91,AUTOSERVICIO
15585,CALCETA,32.33,COMERCIAL
14007,CALCETA,21.24,PELUQUERIA
15532,JUNIN,13.17,COMERCIAL
15618,CALCETA,26.86,COMERCIAL
12157,CALCETA,237.48,COMERCIAL
10104,CALCETA,23.27,FERRETERIA
12020,CHONE,53.82,SUBDISTRIBUIDOR
15661,CHONE,20.96,COMERCIAL
13375,CHONE,31.44,TIENDA
15701,CHONE,54.26,TIENDA
15661,CHONE,37.73,COMERCIAL
11054,BAHIA,12.97,TIENDA
11838,BAHIA,35.08,AUTOSERVICIO
12975,SAN VICENTE,72,FARMACIA
11226,SAN VICENTE,72,SUBDISTRIBUIDOR
11359,LEONIDAS PLAZA,256.78,COMERCIAL
16573,SAN JACINTO,40.23,TIENDA
12832,SAN VICENTE,74.76,TIENDA
15681,LEONIDAS PLAZA,97.79,TIENDA
15605,CHONE,33.59,FARMACIA
15020,LEONIDAS PLAZA,134.79,COMERCIAL
11226,SAN VICENTE,150.91,SUBDISTRIBUIDOR
13205,SANTA ANA,20.02,COMERCIAL
14095,SANTA ANA,33.6,COMERCIAL
15627,SANTA ANA,147.46,COMERCIAL
15635,PORTOVIEJO,12.94,TIENDA
16592,PORTOVIEJO,17.39,TIENDA
11575,ROCAFUERTE,111.87,PELUQUERIA
15674,CHARAPOTO,43.76,PANALERA
15349,ROCAFUERTE,13.27,PANALERA
16576,CHARAPOTO,38.4,TIENDA
16592,PORTOVIEJO,17.79,TIENDA
15632,CALDERON,33.73,PELUQUERIA
11253,CALDERON,17.94,TIENDA
11243,CALDERON,13.42,BAZAR
15616,CALDERON,132.99,AUTOSERVICIO
15624,JUNIN,20.49,AUTOSERVICIO
12712,JUNIN,699.96,COMERCIAL
15585,CALCETA,55.2,COMERCIAL
12157,CALCETA,147.87,COMERCIAL
10042,JUNIN,64.18,TIENDA
12712,JUNIN,311.22,COMERCIAL
14028,JUNIN,104.31,TIENDA
12020,CHONE,120.12,SUBDISTRIBUIDOR
15702,CHONE,47.8,COMERCIAL
15701,CHONE,24.73,TIENDA
13786,CHONE,57.27,COMERCIAL
15545,CANUTO,120.77,COMERCIAL
13594,CANUTO,108.32,AUTOSERVICIO
15127,CANUTO,36.97,TIENDA
13050,CALCETA,39.63,FERRETERIA
13887,CANUTO,20.58,COMERCIAL
14029,CALCETA,49.41,TIENDA
13545,JUNIN,190.34,TIENDA
11763,BAHIA,12.09,COMERCIAL
15681,LEONIDAS PLAZA,144,TIENDA
10177,LEONIDAS PLAZA,23.37,TIENDA
10271,SAN VICENTE,85.93,COMERCIAL
13287,SAN CLEMENTE,33.53,TIENDA
13995,SAN VICENTE,72.27,COMERCIAL
10099,JUNIN,89.28,COMERCIAL
13278,CHONE,93.76,FARMACIA
15163,PORTOVIEJO,14.99,TIENDA
13548,ROCAFUERTE,157.36,TIENDA
15163,PORTOVIEJO,25.78,TIENDA
15353,ROCAFUERTE,32.02,TIENDA
12939,SANTA ANA,109.62,TIENDA
12939,SANTA ANA,63.71,TIENDA
12872,SANTA ANA,22.32,TIENDA
10242,SANTA ANA,14.2,COMERCIAL
14095,SANTA ANA,79.2,COMERCIAL
15027,SANTA ANA,35.45,COMERCIAL
15103,SANTA ANA,111.77,COMERCIAL
15653,PORTOVIEJO,17.37,TIENDA
15644,PORTOVIEJO,11.07,TIENDA
15616,CALDERON,180,AUTOSERVICIO
15615,CALDERON,12,FARMACIA
13965,CALDERON,36.92,COMERCIAL
10104,CALCETA,112.1,FERRETERIA
15532,JUNIN,38.86,COMERCIAL
15014,JUNIN,73.92,BAZAR
12157,CALCETA,190.06,COMERCIAL
10099,JUNIN,700.85,COMERCIAL
14007,CALCETA,129.43,PELUQUERIA
15562,JUNIN,18.86,AUTOSERVICIO
13795,JUNIN,249.88,FARMACIA
15549,CALDERON,95.49,TIENDA
15166,COLON,124.7,AUTOSERVICIO
15605,CHONE,30.24,FARMACIA
15583,CHONE,125.82,SUBDISTRIBUIDOR
11216,CHONE,95.05,COMERCIAL
15701,CHONE,24.83,TIENDA
13375,CHONE,21.12,TIENDA
15545,CANUTO,120.98,COMERCIAL
14010,CALCETA,27.9,COMERCIAL
13887,CANUTO,94.88,COMERCIAL
15548,CANUTO,152.84,BAZAR
13287,SAN CLEMENTE,13.83,TIENDA
10177,LEONIDAS PLAZA,11.28,TIENDA
11973,SAN VICENTE,255.36,TIENDA
10993,SAN VICENTE,172.73,NATURISTA
10675,BAHIA,85.51,TIENDA
13278,CHONE,60.36,FARMACIA
15680,PORTOVIEJO,60.93,TIENDA
13838,CHARAPOTO,90.74,FARMACIA
15680,PORTOVIEJO,42.96,TIENDA
13169,SANTA ANA,1063.28,COMERCIAL
15690,SANTA ANA,26.94,COMERCIAL
10081,PORTOVIEJO,108.8,COMERCIAL
15622,SANTA ANA,74.19,COMERCIAL
10081,PORTOVIEJO,177.13,COMERCIAL
15632,CALDERON,20.71,PELUQUERIA
11253,CALDERON,20.18,TIENDA
11243,CALDERON,21.02,BAZAR
10042,JUNIN,72,TIENDA
13795,JUNIN,84.19,FARMACIA
13678,JUNIN,93.8,COMERCIAL
15618,CALCETA,37.59,COMERCIAL
15585,CALCETA,281.64,COMERCIAL
12157,CALCETA,164.95,COMERCIAL
13050,CALCETA,6,FERRETERIA
15682,PUEBLO NUEVO,19.4,TIENDA
15532,JUNIN,141.57,COMERCIAL
15605,CHONE,20.96,FARMACIA
15702,CHONE,125.3,COMERCIAL
13924,CHONE,138.05,COMERCIAL
13786,CHONE,75.89,COMERCIAL
15660,CHONE,43.91,TIENDA
13375,CHONE,22.45,TIENDA
13887,CANUTO,12.22,COMERCIAL
14056,CANUTO,9.6,FARMACIA
15691,BAHIA,35.2,TIENDA
11838,BAHIA,9,AUTOSERVICIO
16579,BAHIA,82.76,COMERCIAL
16580,LEONIDAS PLAZA,60.14,TIENDA
12832,SAN VICENTE,14.97,TIENDA
11763,BAHIA,54.6,COMERCIAL
11226,SAN VICENTE,156.4,SUBDISTRIBUIDOR
15661,CHONE,117.14,COMERCIAL
13844,LEONIDAS PLAZA,133.15,TIENDA
15625,BAHIA,117.9,AUTOSERVICIO
15676,ROCAFUERTE,12,TIENDA
15349,ROCAFUERTE,10.01,PANALERA
11336,CHARAPOTO,78.36,TIENDA
15674,CHARAPOTO,81.46,PANALERA
15674,CHARAPOTO,13,PANALERA
11405,ROCAFUERTE,287.1,AUTOSERVICIO
13448,RIO CHICO,99.84,TIENDA
15692,COLON,35.08,TIENDA
15166,COLON,12.58,AUTOSERVICIO
12872,SANTA ANA,13.09,TIENDA
13205,SANTA ANA,23.76,COMERCIAL
15690,SANTA ANA,22.45,COMERCIAL
10081,PORTOVIEJO,48.62,COMERCIAL
10081,PORTOVIEJO,176.98,COMERCIAL
15328,CALDERON,273.71,COMERCIAL
13394,CALDERON,358.11,COMERCIAL
13394,CALDERON,16.5,COMERCIAL
12125,CALDERON,343.94,AUTOSERVICIO
12125,CALDERON,133.4,AUTOSERVICIO
10042,JUNIN,32.96,TIENDA
13795,JUNIN,107.75,FARMACIA
10880,JUNIN,114.17,COMERCIAL
13460,JUNIN,101.18,COMERCIAL
15618,CALCETA,47.57,COMERCIAL
12157,CALCETA,169.2,COMERCIAL
13394,CALDERON,19.68,AUTOSERVICIO
10081,PORTOVIEJO,60.93,COMERCIAL
13050,CALCETA,291.58,FERRETERIA
13594,CANUTO,24,AUTOSERVICIO
15545,CANUTO,44.42,COMERCIAL
12020,CHONE,72,SUBDISTRIBUIDOR
13594,CANUTO,14.76,AUTOSERVICIO
10081,PORTOVIEJO,101.26,COMERCIAL
13786,CHONE,22.32,COMERCIAL
10177,LEONIDAS PLAZA,48.29,TIENDA
16573,SAN JACINTO,65.73,TIENDA
15625,BAHIA,263.87,AUTOSERVICIO
15660,CHONE,30.34,TIENDA
10139,CHONE,248.52,COMERCIAL
11683,CHONE,233.48,TIENDA
11683,CHONE,191.83,TIENDA
15605,CHONE,32.73,FARMACIA
16575,CHARAPOTO,20.01,TIENDA
16581,CHARAPOTO,13.85,TIENDA
13548,ROCAFUERTE,84.34,TIENDA
11991,SANTA ANA,74.52,COMERCIAL
15690,SANTA ANA,10.8,COMERCIAL
12104,SANTA ANA,97.92,COMERCIAL
15694,SANTA ANA,41.71,TIENDA
13944,SANTA ANA,79.22,COMERCIAL
15692,COLON,36.69,TIENDA
15570,PORTOVIEJO,105.03,COMERCIAL
15695,COLON,26.49,TIENDA
13205,SANTA ANA,7.2,COMERCIAL
15570,PORTOVIEJO,76.88,COMERCIAL
13944,SANTA ANA,97.92,COMERCIAL
13965,CALDERON,21.5,COMERCIAL
15615,CALDERON,12,FARMACIA
11243,CALDERON,19.1,BAZAR
15682,PUEBLO NUEVO,32.81,TIENDA
14028,JUNIN,71.81,TIENDA
13678,JUNIN,45.22,COMERCIAL
15030,CALCETA,20.02,TIENDA
15618,CALCETA,36.33,COMERCIAL
13795,JUNIN,131.1,FARMACIA
15702,CHONE,174.14,COMERCIAL
13375,CHONE,17.34,TIENDA
11216,CHONE,34.3,COMERCIAL
15572,CHONE,169.05,COMERCIAL
15572,CHONE,20.17,COMERCIAL
13278,CHONE,52.8,FARMACIA
15332,CANUTO,18.36,COMERCIAL
14056,CANUTO,57.7,FARMACIA
13887,CANUTO,80.81,COMERCIAL
15583,CHONE,266.56,SUBDISTRIBUIDOR
15661,CHONE,59.04,COMERCIAL
15584,SAN CLEMENTE,19.79,TIENDA
15696,CHARAPOTO,18.92,TIENDA
16580,LEONIDAS PLAZA,33.34,TIENDA
15020,LEONIDAS PLAZA,96.72,COMERCIAL
10675,BAHIA,15.12,TIENDA
11973,SAN VICENTE,22.03,TIENDA
16573,SAN JACINTO,25.58,TIENDA
13471,SAN CLEMENTE,28.8,FARMACIA
13873,LEONIDAS PLAZA,111.83,COMERCIAL
12832,SAN VICENTE,37.11,TIENDA
10271,SAN VICENTE,106.48,COMERCIAL
15690,SANTA ANA,97.92,COMERCIAL
15027,SANTA ANA,46.53,COMERCIAL
13205,SANTA ANA,14.54,TIENDA
13944,SANTA ANA,100.1,COMERCIAL
12032,SANTA ANA,23.08,COMERCIAL
12872,SANTA ANA,21.12,TIENDA
15570,PORTOVIEJO,130.92,COMERCIAL
15570,PORTOVIEJO,28.58,COMERCIAL
15349,ROCAFUERTE,7.34,PANALERA
13548,ROCAFUERTE,29.56,TIENDA
13471,SAN CLEMENTE,27.35,FARMACIA
10993,SAN VICENTE,192.62,NATURISTA
14053,LEONIDAS PLAZA,165.36,AUTOSERVICIO
14053,LEONIDAS PLAZA,112.74,AUTOSERVICIO
13471,SAN CLEMENTE,87.3,FARMACIA
13795,JUNIN,271.48,FARMACIA
12712,JUNIN,322.68,COMERCIAL
10104,CALCETA,10.8,FERRETERIA
13460,JUNIN,46.28,COMERCIAL
10042,JUNIN,14.62,TIENDA
15532,JUNIN,12.58,COMERCIAL
14007,CALCETA,22.5,PELUQUERIA
15585,CALCETA,181.66,COMERCIAL
14010,CALCETA,291.36,COMERCIAL
15616,CALDERON,33.97,AUTOSERVICIO
11243,CALDERON,10.01,BAZAR
11253,CALDERON,17.78,TIENDA
15697,CALDERON,137.59,COMERCIAL
15698,CALDERON,97.92,PANALERA
13786,CHONE,78.6,COMERCIAL
15702,CHONE,18.58,COMERCIAL
15701,CHONE,49.22,TIENDA
12020,CHONE,349.41,SUBDISTRIBUIDOR
15621,CANUTO,118.89,COMERCIAL
14056,CANUTO,22.32,FARMACIA
15328,CALDERON,157.32,COMERCIAL
15328,CALDERON,354.72,COMERCIAL
15328,CALDERON,310.38,COMERCIAL
15570,PORTOVIEJO,167.36,COMERCIAL
13965,CALDERON,18.24,COMERCIAL
13779,PORTOVIEJO,137.4,BAZAR
13838,CHARAPOTO,85.24,FARMACIA
15674,CHARAPOTO,102.73,PANALERA
15674,CHARAPOTO,6.25,PANALERA
11359,LEONIDAS PLAZA,221.03,COMERCIAL
11226,SAN VICENTE,97.92,SUBDISTRIBUIDOR
13283,SAN VICENTE,52.8,COMERCIAL
12802,SAN VICENTE,56.33,TIENDA
11336,CHARAPOTO,27.87,TIENDA
10108,CHARAPOTO,83.46,TIENDA
15699,ROCAFUERTE,35.7,TIENDA
15690,SANTA ANA,14.4,COMERCIAL
13169,SANTA ANA,100.1,COMERCIAL
13205,SANTA ANA,20.02,COMERCIAL
14095,SANTA ANA,36,COMERCIAL
15622,SANTA ANA,169.92,COMERCIAL
11028,SANTA ANA,17.31,TIENDA
15627,SANTA ANA,275.77,TIENDA
13166,SANTA ANA,34.6,TIENDA
13779,PORTOVIEJO,38.4,BAZAR
13779,PORTOVIEJO,75,BAZAR
15353,ROCAFUERTE,25.22,TIENDA
13548,ROCAFUERTE,67.94,TIENDA
13779,PORTOVIEJO,33.6,BAZAR
10081,PORTOVIEJO,40.69,COMERCIAL
10042,JUNIN,27.58,TIENDA
14028,JUNIN,62.31,TIENDA
15549,CALDERON,134.94,TIENDA
15549,CALDERON,56.85,TIENDA
13678,JUNIN,55.06,COMERCIAL
12125,CALDERON,52.64,AUTOSERVICIO
14011,CALCETA,87.29,NATURISTA
15616,CALDERON,177.95,AUTOSERVICIO
15030,CALCETA,41.3,TIENDA
15632,CALDERON,36.93,PELUQUERIA
13594,CANUTO,44.64,AUTOSERVICIO
12157,CALCETA,310.83,COMERCIAL
15545,CANUTO,131.14,COMERCIAL
14056,CANUTO,40.5,FARMACIA
15701,CHONE,81.4,TIENDA
15661,CHONE,29.52,COMERCIAL
13924,CHONE,28.7,COMERCIAL
15660,CHONE,20.91,TIENDA
13605,CHONE,12,TIENDA
13887,CANUTO,59.71,COMERCIAL
13759,CALDERON,560.07,AUTOSERVICIO
16581,CHARAPOTO,31.28,TIENDA
15686,CHARAPOTO,22.75,TIENDA
16573,SAN JACINTO,13.01,TIENDA
14021,LEONIDAS PLAZA,122,COMERCIAL
10675,BAHIA,40.82,TIENDA
15681,LEONIDAS PLAZA,568.84,TIENDA
11973,SAN VICENTE,80.62,TIENDA
15689,CHARAPOTO,545.24,SUBDISTRIBUIDOR
15689,CHARAPOTO,549.82,SUBDISTRIBUIDOR
12781,PORTOVIEJO,83.21,TIENDA
13448,RIO CHICO,102.65,TIENDA
13548,ROCAFUERTE,92.12,TIENDA
15622,SANTA ANA,54,COMERCIAL
12939,SANTA ANA,171.77,COMERCIAL
12939,SANTA ANA,1.76,COMERCIAL
10243,SANTA ANA,22.32,TIENDA
13205,SANTA ANA,14.4,COMERCIAL
13795,JUNIN,21.48,FARMACIA
12781,PORTOVIEJO,76.9,TIENDA
12781,PORTOVIEJO,251.34,TIENDA
15509,PORTOVIEJO,38.71,TIENDA
15509,PORTOVIEJO,23.69,TIENDA
15693,PORTOVIEJO,164.77,TIENDA
15693,PORTOVIEJO,130.29,TIENDA
11253,CALDERON,15.44,TIENDA
10104,CALCETA,137.6,FERRETERIA
15618,CALCETA,55.16,COMERCIAL
15014,JUNIN,97.58,BAZAR
15014,JUNIN,147.14,BAZAR
15673,CALDERON,11.41,COMERCIAL
14007,CALCETA,115.12,PELUQUERIA
14007,CALCETA,7.3,PELUQUERIA
12712,JUNIN,16,COMERCIAL
15632,CALDERON,31.77,PELUQUERIA
15127,CANUTO,35.57,TIENDA
15014,JUNIN,10.12,BAZAR
15621,CANUTO,95.71,COMERCIAL
15621,CANUTO,61.17,COMERCIAL
10141,CHONE,134.96,COMERCIAL
15702,CHONE,18.54,COMERCIAL
15661,CHONE,13.82,COMERCIAL
13594,CANUTO,119.65,AUTOSERVICIO
11336,CHARAPOTO,52.48,TIENDA
15681,LEONIDAS PLAZA,60.06,TIENDA
16573,SAN JACINTO,39.05,TIENDA
10677,LEONIDAS PLAZA,52.4,AUTOSERVICIO
12832,SAN VICENTE,54.3,TIENDA
11763,BAHIA,73.2,COMERCIAL
13278,CHONE,19.02,FARMACIA
15661,CHONE,212.24,COMERCIAL
12975,SAN VICENTE,126.16,FARMACIA
15674,CHARAPOTO,155.3,PANALERA
15674,CHARAPOTO,72.35,PANALERA
12975,SAN VICENTE,553.3,FARMACIA
13205,SANTA ANA,7.2,COMERCIAL
12872,SANTA ANA,19.99,TIENDA
10764,SANTA ANA,29.5,COMERCIAL
15627,SANTA ANA,285.16,TIENDA
15627,SANTA ANA,147.6,TIENDA
15166,COLON,7.07,AUTOSERVICIO
15693,PORTOVIEJO,48.33,TIENDA
12020,CHONE,250.24,SUBDISTRIBUIDOR
15693,PORTOVIEJO,28.87,TIENDA
15670,PORTOVIEJO,103.76,COMISARIATO
16583,CALDERON,36,TIENDA
11243,CALDERON,17.65,BAZAR
15532,JUNIN,34.6,COMERCIAL
14010,CALCETA,14,COMERCIAL
15618,CALCETA,37.59,COMERCIAL
14028,JUNIN,167.49,TIENDA
12157,CALCETA,244,COMERCIAL
15562,JUNIN,36.86,AUTOSERVICIO
14029,CALCETA,14.29,TIENDA
15328,CALDERON,465.63,COMERCIAL
15328,CALDERON,278.74,COMERCIAL
15328,CALDERON,26.32,COMERCIAL
15670,PORTOVIEJO,36.99,COMISARIATO
11838,BAHIA,269.73,AUTOSERVICIO
15427,PORTOVIEJO,12.32,COMISARIATO
13887,CANUTO,36.35,COMERCIAL
15545,CANUTO,32.17,COMERCIAL
15605,CHONE,28.87,FARMACIA
15427,PORTOVIEJO,9.71,COMISARIATO
15668,PORTOVIEJO,30.75,TIENDA
15668,PORTOVIEJO,27.13,TIENDA
15668,PORTOVIEJO,10.01,TIENDA
11216,CHONE,10.01,COMERCIAL
15668,PORTOVIEJO,12.5,TIENDA
13786,CHONE,24.22,COMERCIAL
15660,CHONE,45.45,TIENDA
14056,CANUTO,199.63,FARMACIA
15657,PORTOVIEJO,4.6,TIENDA
16579,BAHIA,28,TIENDA
10177,LEONIDAS PLAZA,40.56,TIENDA
16573,SAN JACINTO,36.24,TIENDA
10677,LEONIDAS PLAZA,10.49,AUTOSERVICIO
11336,CHARAPOTO,74.01,TIENDA
15146,CHARAPOTO,107.14,BAZAR
16588,CHARAPOTO,10.18,TIENDA
15674,CHARAPOTO,11.41,PANALERA
16584,PORTOVIEJO,21.74,TIENDA
10184,PORTOVIEJO,22.32,TIENDA
10184,PORTOVIEJO,174.13,TIENDA
10184,PORTOVIEJO,138.97,TIENDA
13548,ROCAFUERTE,47.13,TIENDA
13448,RIO CHICO,116.58,TIENDA
13448,RIO CHICO,209.99,TIENDA
13448,RIO CHICO,17.35,TIENDA
15349,ROCAFUERTE,91.4,PANALERA
14095,SANTA ANA,30.73,COMERCIAL
13205,SANTA ANA,7.2,COMERCIAL
20926,SANTA ANA,35.32,TIENDA
15617,SANTA ANA,85.35,COMERCIAL
15326,SANTA ANA,8.16,BAZAR
11991,SANTA ANA,42.24,COMERCIAL
13944,SANTA ANA,28.4,COMERCIAL
15690,SANTA ANA,33.06,COMERCIAL
13169,SANTA ANA,150.11,COMERCIAL
12104,SANTA ANA,116.98,COMERCIAL
10184,PORTOVIEJO,76.27,TIENDA
10104,CALCETA,50.4,FERRETERIA
15616,CALDERON,25.61,AUTOSERVICIO
15619,CALDERON,293.28,FARMACIA
15632,CALDERON,91.64,PELUQUERIA
12125,CALDERON,315.82,AUTOSERVICIO
15532,JUNIN,132.83,COMERCIAL
10880,JUNIN,37.75,COMERCIAL
13594,CANUTO,33.2,AUTOSERVICIO
10099,JUNIN,204.14,COMERCIAL
15014,JUNIN,82.43,BAZAR
15618,CALCETA,120.35,COMERCIAL
12157,CALCETA,160.18,COMERCIAL
10184,PORTOVIEJO,31.9,TIENDA
12712,JUNIN,416.45,COMERCIAL
15541,CALCETA,54.12,SUBDISTRIBUIDOR
15127,CANUTO,39.07,TIENDA
15621,CANUTO,25.11,COMERCIAL
15545,CANUTO,113.46,COMERCIAL
14056,CANUTO,11.25,FARMACIA
15701,CHONE,53.85,TIENDA
12020,CHONE,291.36,SUBDISTRIBUIDOR
15605,CHONE,32.93,FARMACIA
15545,CANUTO,4.68,COMERCIAL
15702,CHONE,100.8,COMERCIAL
15661,CHONE,97.92,COMERCIAL
10108,CHARAPOTO,48.24,TIENDA
13838,CHARAPOTO,78.2,FARMACIA
13471,SAN CLEMENTE,13.95,FARMACIA
10177,LEONIDAS PLAZA,33.43,TIENDA
11973,SAN VICENTE,28.74,TIENDA
15319,SAN VICENTE,53.82,COMERCIAL
15696,CHARAPOTO,36.54,TIENDA
15020,LEONIDAS PLAZA,72.64,COMERCIAL
13548,ROCAFUERTE,36.05,TIENDA
15699,ROCAFUERTE,9.31,TIENDA
15689,CHARAPOTO,161.46,SUBDISTRIBUIDOR
15690,SANTA ANA,40.99,COMERCIAL
13944,SANTA ANA,162.02,COMERCIAL
12872,SANTA ANA,10.44,TIENDA
15326,SANTA ANA,15.16,BAZAR
10184,PORTOVIEJO,230.17,TIENDA
15639,PORTOVIEJO,20.34,TIENDA
13944,SANTA ANA,22.32,COMERCIAL
14028,JUNIN,19.09,TIENDA
13795,JUNIN,84.29,FARMACIA
16597,JUNIN,52.54,COMERCIAL
13678,JUNIN,45.7,COMERCIAL
13945,CHARAPOTO,62.34,TIENDA
11243,CALDERON,36.41,BAZAR
13965,CALDERON,35.98,COMERCIAL
15030,CALCETA,54.33,TIENDA
15618,CALCETA,12,COMERCIAL
14010,CALCETA,220.33,COMERCIAL
15638,PORTOVIEJO,150.53,COMERCIAL
15638,PORTOVIEJO,154.28,COMERCIAL
15656,PORTOVIEJO,28.84,TIENDA
15328,CALDERON,455,COMERCIAL
10104,CALCETA,12,FERRETERIA
13594,CANUTO,124.57,AUTOSERVICIO
13887,CANUTO,43.98,COMERCIAL
15656,PORTOVIEJO,10.01,TIENDA
13278,CHONE,62.56,FARMACIA
15605,CHONE,71.08,FARMACIA
13375,CHONE,20.96,TIENDA
15701,CHONE,29.5,TIENDA
15661,CHONE,73.83,COMERCIAL
15524,CHONE,48.19,TIENDA
13786,CHONE,60.8,COMERCIAL
13066,CHONE,21.6,TIENDA
15621,CANUTO,13.5,COMERCIAL
13451,SAN VICENTE,72.24,FARMACIA
13278,CHONE,19.68,FARMACIA
10099,JUNIN,97.92,COMERCIAL
15681,LEONIDAS PLAZA,86.83,TIENDA
13873,LEONIDAS PLAZA,135.18,TIENDA
10177,LEONIDAS PLAZA,50.11,TIENDA
16573,SAN JACINTO,30.73,TIENDA
13471,SAN CLEMENTE,42.07,FARMACIA
11973,SAN VICENTE,20.96,TIENDA
10675,BAHIA,28.4,TIENDA
15656,PORTOVIEJO,10.32,TIENDA
13772,BAHIA,279.62,AUTOSERVICIO
14097,PORTOVIEJO,34.01,TIENDA
15636,PORTOVIEJO,55.01,TIENDA
15636,PORTOVIEJO,41.11,TIENDA
15636,PORTOVIEJO,94.57,TIENDA
15636,PORTOVIEJO,11.33,TIENDA
15636,PORTOVIEJO,50.63,TIENDA
15637,PORTOVIEJO,8.89,TIENDA
11546,PORTOVIEJO,45.3,TIENDA
13865,CHARAPOTO,139.08,FARMACIA
15616,CALDERON,117.93,AUTOSERVICIO
15532,JUNIN,67.41,COMERCIAL
14028,JUNIN,60.88,TIENDA
10104,CALCETA,130.56,FERRETERIA
13795,JUNIN,116.02,FARMACIA
15585,CALCETA,162.59,COMERCIAL
13460,JUNIN,177.63,COMERCIAL
12157,CALCETA,250.62,COMERCIAL
14007,CALCETA,74.05,PELUQUERIA
13594,CANUTO,108,AUTOSERVICIO
12020,CHONE,72,SUBDISTRIBUIDOR
15702,CHONE,72,COMERCIAL
15024,CHONE,90.56,TIENDA
13924,CHONE,165.07,COMERCIAL
15661,CHONE,72,COMERCIAL
15605,CHONE,35.74,FARMACIA
15328,CALDERON,323.98,COMERCIAL
16600,PORTOVIEJO,29.62,TIENDA
15473,PORTOVIEJO,14.57,TIENDA
11359,LEONIDAS PLAZA,124.38,COMERCIAL
10177,LEONIDAS PLAZA,27.4,TIENDA
10677,LEONIDAS PLAZA,26.74,AUTOSERVICIO
11763,BAHIA,63.67,COMERCIAL
10993,SAN VICENTE,238.12,NATURISTA
12832,SAN VICENTE,21.15,TIENDA
15625,BAHIA,112.39,AUTOSERVICIO
13451,SAN VICENTE,246.15,FARMACIA
16581,CHARAPOTO,26.97,TIENDA
13548,ROCAFUERTE,83,TIENDA
11575,ROCAFUERTE,74.1,PELUQUERIA
15674,CHARAPOTO,16.4,PANALERA
16603,ROCAFUERTE,213.37,AUTOSERVICIO
16603,ROCAFUERTE,32.4,AUTOSERVICIO
16604,ROCAFUERTE,184.79,COMERCIAL
13166,SANTA ANA,33.22,COMERCIAL
16596,SANTA ANA,177.44,AUTOSERVICIO
12872,SANTA ANA,10.47,TIENDA
12032,SANTA ANA,128.85,COMERCIAL
15027,SANTA ANA,19.42,COMERCIAL
13759,CALDERON,76.9,AUTOSERVICIO
15632,CALDERON,34.51,PELUQUERIA
15682,PUEBLO NUEVO,26.6,TIENDA
14028,JUNIN,26.32,TIENDA
15669,PORTOVIEJO,21.48,TIENDA
15624,JUNIN,71.66,AUTOSERVICIO
13795,JUNIN,78.75,FARMACIA
15532,JUNIN,45.05,COMERCIAL
10880,JUNIN,54.49,COMERCIAL
12157,CALCETA,87.25,COMERCIAL
16606,CALCETA,98.65,TIENDA
15030,CALCETA,39.31,TIENDA
15611,JUNIN,166.02,AUTOSERVICIO
15621,CANUTO,23.91,COMERCIAL
15332,CANUTO,242.7,COMERCIAL
15332,CANUTO,82.59,COMERCIAL
15127,CANUTO,42.68,TIENDA
14056,CANUTO,47.12,FARMACIA
15545,CANUTO,181.15,COMERCIAL
15524,CHONE,18.3,TIENDA
15024,CHONE,73.1,TIENDA
15702,CHONE,21.12,COMERCIAL
15605,CHONE,28.4,FARMACIA
10139,CHONE,343.98,COMERCIAL
15661,CHONE,98.98,COMERCIAL
11216,CHONE,20.02,COMERCIAL
15446,PORTOVIEJO,79.54,TIENDA
15648,PORTOVIEJO,21.45,TIENDA
16587,PORTOVIEJO,23.13,TIENDA
16587,PORTOVIEJO,30.05,TIENDA
16587,PORTOVIEJO,18.26,TIENDA
16616,PORTOVIEJO,214.64,PAPELERIA
13498,CHARAPOTO,49.86,COMERCIAL
10108,CHARAPOTO,7.2,TIENDA
10104,CALCETA,117.54,FERRETERIA
16573,SAN JACINTO,17.08,TIENDA
11405,ROCAFUERTE,267.8,AUTOSERVICIO
10177,LEONIDAS PLAZA,45.11,TIENDA
11838,BAHIA,259,AUTOSERVICIO
14021,LEONIDAS PLAZA,27.56,COMERCIAL
15611,JUNIN,14.28,AUTOSERVICIO
16616,PORTOVIEJO,373.54,PAPELERIA
16616,PORTOVIEJO,232.59,PAPELERIA
15651,PORTOVIEJO,54.4,TIENDA
15690,SANTA ANA,41.53,COMERCIAL
10764,SANTA ANA,11.4,COMERCIAL
13205,SANTA ANA,77.97,TIENDA
11751,SANTA ANA,18.2,TIENDA
13169,SANTA ANA,50.05,COMERCIAL
14095,SANTA ANA,40.04,COMERCIAL
13944,SANTA ANA,97.92,COMERCIAL
13926,SANTA ANA,44.69,TIENDA
12939,SANTA ANA,93.78,COMERCIAL
12939,SANTA ANA,50.29,COMERCIAL
15651,PORTOVIEJO,70.58,TIENDA
15651,PORTOVIEJO,43.77,TIENDA
15651,PORTOVIEJO,79.66,TIENDA
13759,CALDERON,119.08,AUTOSERVICIO
11243,CALDERON,10.01,BAZAR
15532,JUNIN,105.7,COMERCIAL
15632,CALDERON,33.84,PELUQUERIA
10042,JUNIN,72,TIENDA
15618,CALCETA,32.95,COMERCIAL
15585,CALCETA,239.82,COMERCIAL
12157,CALCETA,255.44,COMERCIAL
14007,CALCETA,69.14,PELUQUERIA
15562,JUNIN,45.13,AUTOSERVICIO
13050,CALCETA,97.92,FERRETERIA
13594,CANUTO,123.63,AUTOSERVICIO
15701,CHONE,11.55,TIENDA
15661,CHONE,319.5,COMERCIAL
15572,CHONE,206.77,COMERCIAL
12020,CHONE,53.82,SUBDISTRIBUIDOR
13278,CHONE,126.57,FARMACIA
15651,PORTOVIEJO,13.46,TIENDA
13207,CHARAPOTO,9.29,TIENDA
13498,CHARAPOTO,35.95,COMERCIAL
16573,SAN JACINTO,17.76,TIENDA
15319,SAN VICENTE,105.6,COMERCIAL
10271,SAN VICENTE,76.21,COMERCIAL
10177,LEONIDAS PLAZA,51.17,TIENDA
14021,LEONIDAS PLAZA,38.33,COMERCIAL
15572,CHONE,123.97,COMERCIAL
11973,SAN VICENTE,250.1,TIENDA
12832,SAN VICENTE,35.53,TIENDA
11226,SAN VICENTE,373.09,SUBDISTRIBUIDOR
11226,SAN VICENTE,14.35,SUBDISTRIBUIDOR
15689,CHARAPOTO,572.62,SUBDISTRIBUIDOR
14007,CALCETA,47.04,PELUQUERIA
15103,SANTA ANA,50.2,COMERCIAL
12872,SANTA ANA,8.68,TIENDA
16608,SANTA ANA,7.45,TIENDA
15690,SANTA ANA,13.76,COMERCIAL
11991,SANTA ANA,24,COMERCIAL
11703,SANTA ANA,54.86,COMERCIAL
15651,PORTOVIEJO,7.8,TIENDA
15651,PORTOVIEJO,38.17,TIENDA
15682,PUEBLO NUEVO,27.15,TIENDA
15634,PORTOVIEJO,140.19,TIENDA
15634,PORTOVIEJO,43.88,TIENDA
10675,BAHIA,24.09,TIENDA
11243,CALDERON,24.51,BAZAR
15328,CALDERON,20.9,COMERCIAL
15616,CALDERON,88.66,AUTOSERVICIO
15619,CALDERON,170.4,FARMACIA
13678,JUNIN,40.01,COMERCIAL
10099,JUNIN,50.05,COMERCIAL
13795,JUNIN,250.18,FARMACIA
12712,JUNIN,176.89,COMERCIAL
10880,JUNIN,139.3,COMERCIAL
14010,CALCETA,16.1,COMERCIAL
12157,CALCETA,349.6,COMERCIAL
12125,CALDERON,483.28,AUTOSERVICIO
12125,CALDERON,91.8,AUTOSERVICIO
13759,CALDERON,37.64,AUTOSERVICIO
15585,CALCETA,214.61,COMERCIAL
13838,CHARAPOTO,93.42,FARMACIA
13498,CHARAPOTO,78,COMERCIAL
16573,SAN JACINTO,15,TIENDA
15584,SAN CLEMENTE,23.27,TIENDA
15020,LEONIDAS PLAZA,130.9,COMERCIAL
13786,CHONE,70.48,COMERCIAL
15661,CHONE,293.62,COMERCIAL
10675,BAHIA,17.11,TIENDA
10177,LEONIDAS PLAZA,36.24,TIENDA
15660,CHONE,49.67,TIENDA
12769,CHARAPOTO,52.8,BAZAR
15545,CANUTO,89.34,COMERCIAL
13548,ROCAFUERTE,95,TIENDA
13448,RIO CHICO,42.04,TIENDA
15349,ROCAFUERTE,13.58,PANALERA
15659,PORTOVIEJO,97.11,TIENDA
15690,SANTA ANA,8.96,COMERCIAL
12104,SANTA ANA,35.14,COMERCIAL
13169,SANTA ANA,151.74,COMERCIAL
16596,SANTA ANA,110.83,AUTOSERVICIO
12872,SANTA ANA,11.29,TIENDA
15659,PORTOVIEJO,29.81,TIENDA
15659,PORTOVIEJO,19.34,TIENDA
13954,JUNIN,350.4,COMERCIAL
12712,JUNIN,561.6,COMERCIAL
10104,CALCETA,218.52,FERRETERIA
15030,CALCETA,55.55,TIENDA
14028,JUNIN,128.36,TIENDA
12157,CALCETA,181.38,COMERCIAL
11243,CALDERON,19.08,BAZAR
13965,CALDERON,13.44,COMERCIAL
15673,CALDERON,310.46,AUTOSERVICIO
15659,PORTOVIEJO,51.18,TIENDA
12020,CHONE,290.79,SUBDISTRIBUIDOR
15661,CHONE,154.87,COMERCIAL
13887,CANUTO,41.37,COMERCIAL
15621,CANUTO,52.91,COMERCIAL
15605,CHONE,54.29,FARMACIA
15701,CHONE,13.24,TIENDA
13594,CANUTO,184.14,AUTOSERVICIO
15702,CHONE,48.48,COMERCIAL
10141,CHONE,99.9,TIENDA
15659,PORTOVIEJO,71.53,TIENDA
13061,CHARAPOTO,27.42,TIENDA
11336,CHARAPOTO,109.32,TIENDA
15674,CHARAPOTO,74.21,PENALERA
14053,LEONIDAS PLAZA,143.51,AUTOSERVICIO
14053,LEONIDAS PLAZA,92.98,AUTOSERVICIO
13844,LEONIDAS PLAZA,59.95,TIENDA
10177,LEONIDAS PLAZA,66.41,TIENDA
10993,SAN VICENTE,400.3,NATURISTA
15659,PORTOVIEJO,84,TIENDA
15659,PORTOVIEJO,33.71,TIENDA
15182,PORTOVIEJO,5.26,TIENDA
15650,PORTOVIEJO,10.34,TIENDA
15679,PORTOVIEJO,29.52,TIENDA
15271,PORTOVIEJO,10.16,TIENDA
16585,PORTOVIEJO,22.37,TIENDA
14003,PORTOVIEJO,237.54,COMERCIAL
15640,PORTOVIEJO,14.15,TIENDA
11243,CALDERON,22.97,BAZAR
11253,CALDERON,14.2,TIENDA
14028,JUNIN,21.85,TIENDA
15532,JUNIN,360.47,COMERCIAL
15632,CALDERON,20.79,PELUQUERIA
13460,JUNIN,94.34,COMERCIAL
10042,JUNIN,22.34,TIENDA
10099,JUNIN,109.48,COMERCIAL
15585,CALCETA,4,COMERCIAL
15618,CALCETA,8.68,COMERCIAL
10104,CALCETA,164.7,FERRETERIA
12157,CALCETA,173.18,COMERCIAL
14007,CALCETA,43.83,PELUQUERIA
13545,JUNIN,35.76,TIENDA
14010,CALCETA,231.63,COMERCIAL
15024,CHONE,36.9,TIENDA
15661,CHONE,373.65,COMERCIAL
15621,CANUTO,110.89,COMERCIAL
13050,CALCETA,147.46,FERRETERIA
15681,LEONIDAS PLAZA,50.05,TIENDA
15014,JUNIN,10.12,BAZAR
16573,SAN JACINTO,12.65,TIENDA
13498,CHARAPOTO,21.87,COMERCIAL
10177,LEONIDAS PLAZA,18.86,TIENDA
11973,SAN VICENTE,22.34,TIENDA
12832,SAN VICENTE,138.68,TIENDA
11359,LEONIDAS PLAZA,186.53,COMERCIAL
11763,BAHIA,215.46,COMERCIAL
15349,ROCAFUERTE,72,PANALERA
11703,SANTA ANA,30.03,COMERCIAL
12889,PORTOVIEJO,9.08,TIENDA
15103,SANTA ANA,91.99,COMERCIAL
15027,SANTA ANA,22.32,COMERCIAL
13944,SANTA ANA,56.83,COMERCIAL
15690,SANTA ANA,21.94,COMERCIAL
15627,SANTA ANA,348.4,TIENDA
10177,LEONIDAS PLAZA,18.24,TIENDA
15689,CHARAPOTO,662.4,SUBDISTRIBUIDOR
12125,CALDERON,124.46,AUTOSERVICIO
11243,CALDERON,2.24,BAZAR
15616,CALDERON,17.43,AUTOSERVICIO
15328,CALDERON,16.87,COMERCIAL
15328,CALDERON,198.21,COMERCIAL
15328,CALDERON,204.12,COMERCIAL
15328,CALDERON,19.44,COMERCIAL
15549,CALDERON,21.39,TIENDA
13394,CALDERON,253.11,COMERCIAL
13795,JUNIN,20.24,FARMACIA
15624,JUNIN,20.34,AUTOSERVICIO
12157,CALCETA,396.95,COMERCIAL
13448,RIO CHICO,211.78,TIENDA
13448,RIO CHICO,167.08,TIENDA
13448,RIO CHICO,103.41,TIENDA
13448,RIO CHICO,59.4,TIENDA
12020,CHONE,136.8,SUBDISTRIBUIDOR
15632,CALDERON,13.37,PELUQUERIA
15619,CALDERON,333.68,FARMACIA
15328,CALDERON,213.26,COMERCIAL
15661,CHONE,248.83,COMERCIAL
13451,SAN VICENTE,90,FARMACIA
13278,CHONE,78.72,FARMACIA
15701,CHONE,16.55,TIENDA
13795,JUNIN,85,FARMACIA
13594,CANUTO,72,AUTOSERVICIO
15623,CANUTO,18.54,TIENDA
15605,CHONE,60.26,FARMACIA
14021,LEONIDAS PLAZA,24.05,COMERCIAL
10879,LEONIDAS PLAZA,4.16,AUTOSERVICIO
10177,LEONIDAS PLAZA,16.6,TIENDA
16573,SAN JACINTO,31.08,TIENDA
15696,CHARAPOTO,30.16,TIENDA
10139,CHONE,66,COMERCIAL
10271,SAN VICENTE,60.59,COMERCIAL
16611,SAN VICENTE,157.87,COMERCIAL
13498,CHARAPOTO,48.5,COMERCIAL
15524,CHONE,10.49,TIENDA
10675,BAHIA,40.95,TIENDA
13548,ROCAFUERTE,97.51,TIENDA
11405,ROCAFUERTE,316.95,AUTOSERVICIO
11226,SAN VICENTE,638.48,SUBDISTRIBUIDOR
16590,PORTOVIEJO,9.32,TIENDA
13356,PORTOVIEJO,10.01,TIENDA
16618,PORTOVIEJO,42.94,TIENDA
14095,SANTA ANA,41.25,TIENDA
13944,SANTA ANA,48.38,COMERCIAL
13166,SANTA ANA,88.3,COMERCIAL
15625,BAHIA,61.37,AUTOSERVICIO
15320,PORTOVIEJO,135.12,COMISARIATO
16612,SANTA ANA,922.81,SUBDISTRIBUIDOR
15320,PORTOVIEJO,43.56,COMISARIATO
13759,CALDERON,51.43,AUTOSERVICIO
15673,CALDERON,190.92,AUTOSERVICIO
15030,CALCETA,50.05,TIENDA
15585,CALCETA,168.63,COMERCIAL
12157,CALCETA,368.89,COMERCIAL
16606,CALCETA,184.41,TIENDA
14028,JUNIN,23.78,TIENDA
15632,CALDERON,10.3,PELUQUERIA
14007,CALCETA,43.96,PELUQUERIA
13278,CHONE,128.72,FARMACIA
12712,JUNIN,649.02,COMERCIAL
13965,CALDERON,20.35,COMERCIAL
15545,CANUTO,79.97,COMERCIAL
13594,CANUTO,238.35,AUTOSERVICIO
13375,CHONE,14.2,TIENDA
15701,CHONE,9.79,TIENDA
13887,CANUTO,131.91,COMERCIAL
13887,CANUTO,70.47,COMERCIAL
15660,CHONE,19.9,TIENDA
13786,CHONE,14.12,COMERCIAL
13498,CHARAPOTO,47.46,COMERCIAL
13471,SAN CLEMENTE,60.61,FARMACIA
16573,SAN JACINTO,88.7,TIENDA
10993,SAN VICENTE,410.73,NATURISTA
15349,ROCAFUERTE,72,PANALERA
11973,SAN VICENTE,325.61,TIENDA
12104,SANTA ANA,104.21,COMERCIAL
15320,PORTOVIEJO,100.08,COMISARIATO
15320,PORTOVIEJO,44.17,COMISARIATO
15320,PORTOVIEJO,72,COMISARIATO
15326,SANTA ANA,14.2,BAZAR
15690,SANTA ANA,25.56,COMERCIAL
13944,SANTA ANA,100.1,COMERCIAL
15622,SANTA ANA,32.25,COMERCIAL
15617,SANTA ANA,110.37,COMERCIAL
12939,SANTA ANA,109.53,COMERCIAL
15320,PORTOVIEJO,93.88,COMISARIATO
15328,CALDERON,113.26,COMERCIAL
15616,CALDERON,19.2,AUTOSERVICIO
11253,CALDERON,9.41,TIENDA
15632,CALDERON,22,PELUQUERIA
15014,JUNIN,97.84,BAZAR
14028,JUNIN,73.11,TIENDA
14028,JUNIN,24.58,TIENDA
13460,JUNIN,29.88,COMERCIAL
15616,CALDERON,19.2,AUTOSERVICIO
13795,JUNIN,27.74,FARMACIA
13678,JUNIN,167.31,COMERCIAL
15320,PORTOVIEJO,54.18,COMISARIATO
15618,CALCETA,52.55,COMERCIAL
13050,CALCETA,111.72,FERRETERIA
14007,CALCETA,85.98,PELUQUERIA
12157,CALCETA,198.54,COMERCIAL
15548,CANUTO,33.45,BAZAR
15328,CALDERON,172.8,COMERCIAL
15532,JUNIN,39.19,COMERCIAL
13451,SAN VICENTE,10.44,FARMACIA
16589,PORTOVIEJO,9.93,TIENDA
16615,PORTOVIEJO,3.08,TIENDA
16610,PORTOVIEJO,26.73,TIENDA
15562,JUNIN,88.72,AUTOSERVICIO
15621,CANUTO,9.3,COMERCIAL
13594,CANUTO,37.73,AUTOSERVICIO
16610,PORTOVIEJO,1.92,TIENDA
16602,PORTOVIEJO,15.1,TIENDA
10623,PORTOVIEJO,60.97,COMERCIAL
12020,CHONE,213.68,SUBDISTRIBUIDOR
13838,CHARAPOTO,81.07,FARMACIA
13498,CHARAPOTO,45.94,COMERCIAL
13283,SAN VICENTE,74.52,COMERCIAL
10177,LEONIDAS PLAZA,36.64,TIENDA
12975,SAN VICENTE,451.74,FARMACIA
13095,PORTOVIEJO,4.86,TIENDA
11226,SAN VICENTE,97.92,SUBDISTRIBUIDOR
13095,PORTOVIEJO,38.19,TIENDA
15020,LEONIDAS PLAZA,97.59,COMERCIAL
13095,PORTOVIEJO,20.04,TIENDA
13095,PORTOVIEJO,6.37,TIENDA
15654,PORTOVIEJO,3.45,TIENDA
15654,PORTOVIEJO,15.88,TIENDA
13291,PORTOVIEJO,18.76,TIENDA
15690,SANTA ANA,17.23,COMERCIAL
14095,SANTA ANA,181.6,COMERCIAL
15203,SANTA ANA,19.25,COMERCIAL
12032,SANTA ANA,142.11,COMERCIAL
16596,SANTA ANA,72,AUTOSERVICIO
10242,SANTA ANA,41.71,TIENDA
10764,SANTA ANA,18.12,COMERCIAL
15103,SANTA ANA,95.4,COMERCIAL
15027,SANTA ANA,29.06,COMERCIAL
13944,SANTA ANA,44.64,COMERCIAL
15326,SANTA ANA,26.69,BAZAR
15622,SANTA ANA,22.34,COMERCIAL
13205,SANTA ANA,100.1,TIENDA
13203,SANTA ANA,22.01,COMERCIAL
13865,PORTOVIEJO,169.13,FARMACIA
13865,PORTOVIEJO,72,FARMACIA
13965,CALDERON,16.5,COMERCIAL
15616,CALDERON,4.05,AUTOSERVICIO
10518,PORTOVIEJO,56.22,TIENDA
13759,CALDERON,76.78,AUTOSERVICIO
15610,PORTOVIEJO,239.49,FARMACIA
15610,PORTOVIEJO,48.15,FARMACIA
15673,CALDERON,74.94,AUTOSERVICIO
13545,JUNIN,63.36,TIENDA
11243,CALDERON,22.5,BAZAR
14028,JUNIN,47.08,TIENDA
10042,JUNIN,26.95,TIENDA
14007,CALCETA,134.56,PELUQUERIA
14007,CALCETA,57.82,PELUQUERIA
10104,CALCETA,90.78,FERRETERIA
15585,CALCETA,131.44,COMERCIAL
15328,CALDERON,116.64,COMERCIAL
15127,CANUTO,62.57,TIENDA
13887,CANUTO,54.05,COMERCIAL
15548,CANUTO,76.94,BAZAR
15621,CANUTO,69.48,COMERCIAL
15545,CANUTO,64.13,COMERCIAL
15024,CHONE,58.01,TIENDA
13375,CHONE,17.58,TIENDA
15621,CANUTO,56.24,COMERCIAL
15328,CALDERON,258.6,COMERCIAL
13278,CHONE,213.63,FERRETERIA
15643,PORTOVIEJO,45.65,FARMACIA
15643,PORTOVIEJO,80.85,FARMACIA
15304,PORTOVIEJO,74.43,TIENDA
16613,PORTOVIEJO,135.3,CINCUENTAZO
13448,RIO CHICO,16.15,TIENDA
10177,LEONIDAS PLAZA,72,TIENDA
13283,SAN VICENTE,49.4,COMERCIAL
11405,ROCAFUERTE,54.45,AUTOSERVICIO
15349,ROCAFUERTE,40.02,PANALERA
10203,ROCAFUERTE,25.52,PELUQUERIA
16611,SAN VICENTE,82.44,COMERCIAL
10203,ROCAFUERTE,140.3,PELUQUERIA
15583,CHONE,133.1,SUBDISTRIBUIDOR
10317,PRTO,47.62,COMERCIAL
15326,SANTA ANA,6.5,BAZAR
13166,SANTA ANA,129.7,COMERCIAL
16613,PORTOVIEJO,96.97,CINCUENTAZO
16613,PORTOVIEJO,37.8,CINCUENTAZO
16612,SANTA ANA,100.1,SUBDISTRIBUIDOR
16613,PORTOVIEJO,60.42,CINCUENTAZO
16613,PORTOVIEJO,40.98,CINCUENTAZO
16613,PORTOVIEJO,19.44,CINCUENTAZO
15014,JUNIN,34.62,BAZAR
11243,CALDERON,10.01,BAZAR
15549,CALDERON,4.8,TIENDA
15616,CALDERON,75.74,AUTOSERVICIO
15632,CALDERON,26.37,PELUQUERIA
12125,CALDERON,164.86,AUTOSERVICIO
16613,PORTOVIEJO,123.99,CINCUENTAZO
16586,PORTOVIEJO,14.11,TIENDA
10104,CALCETA,100.1,FERRETERIA
15030,CALCETA,50.05,TIENDA
15328,CALDERON,157.46,COMERCIAL
13759,CALDERON,84.78,AUTOSERVICIO
15014,JUNIN,159.78,BAZAR
15618,CALCETA,29.45,COMERCIAL
12157,CALCETA,500.42,COMERCIAL
13460,JUNIN,193.35,COMERCIAL
13795,JUNIN,135.18,FARMACIA
16603,ROCAFUERTE,140.04,AUTOSERVICIO
14010,CALCETA,216.94,COMERCIAL
15332,CANUTO,159.25,COMERCIAL
15545,CANUTO,56.86,COMERCIAL
10141,CHONE,45.79,TIENDA
15661,CHONE,165.37,COMERCIAL
15605,CHONE,22.16,FARMACIA
12020,CHONE,113.64,SUBDISTRIBUIDOR
15652,PORTOVIEJO,36.21,TIENDA
13548,ROCAFUERTE,57.16,TIENDA
15332,CANUTO,84.44,COMERCIAL
15652,PORTOVIEJO,27.28,TIENDA
15652,PORTOVIEJO,12.83,TIENDA
15652,PORTOVIEJO,29.5,TIENDA
15652,PORTOVIEJO,21.11,TIENDA
10299,PORTOVIEJO,21.58,TIENDA
10462,PORTOVIEJO,101.88,FARMACIA
15646,PORTOVIEJO,17.8,TIENDA
15144,PORTOVIEJO,82.86,TIENDA
11941,PORTOVIEJO,26.3,TIENDA
15475,PORTOVIEJO,173.25,BAZAR
16593,PORTOVIEJO,57.71,TIENDA
16599,PORTOVIEJO,22.79,TIENDA
16599,PORTOVIEJO,17.41,TIENDA
16599,PORTOVIEJO,25.72,TIENDA
10108,CHARAPOTO,18.39,TIENDA
11336,CHARAPOTO,122.82,TIENDA
13498,CHARAPOTO,29.49,COMERCIAL
16573,SAN JACINTO,67.41,TIENDA
10677,LEONIDAS PLAZA,46.4,AUTOSERVICIO
10177,LEONIDAS PLAZA,65.07,TIENDA
11838,BAHIA,20.82,AUTOSERVICIO
10271,SAN VICENTE,41.82,COMERCIAL
13451,SAN VICENTE,47.4,FARMACIA
12104,SANTA ANA,10.01,COMERCIAL
13166,SANTA ANA,61.2,COMERCIAL
16607,PORTOVIEJO,151.95,CINCUENTAZO
15326,SANTA ANA,8.16,BAZAR
15027,SANTA ANA,22.1,COMERCIAL
13205,SANTA ANA,206.84,TIENDA
16607,PORTOVIEJO,54,CINCUENTAZO
16607,PORTOVIEJO,379.34,CINCUENTAZO
16607,PORTOVIEJO,196.21,CINCUENTAZO
13887,CANUTO,47.51,COMERCIAL
15682,PUEBLO NUEVO,23.32,TIENDA
16607,PORTOVIEJO,301.59,CINCUENTAZO
15673,CALDERON,189.2,AUTOSERVICIO
16607,PORTOVIEJO,144.49,CINCUENTAZO
15666,PORTOVIEJO,22.43,TIENDA
13965,CALDERON,31.36,COMERCIAL
15616,CALDERON,24.53,AUTOSERVICIO
13759,CALDERON,28.4,AUTOSERVICIO
15328,CALDERON,385,COMERCIAL
15328,CALDERON,191.14,COMERCIAL
15616,CALDERON,30.8,AUTOSERVICIO
15532,JUNIN,54.57,COMERCIAL
15549,CALDERON,120.72,TIENDA
15231,PORTOVIEJO,54.36,TIENDA
13594,CANUTO,42.61,AUTOSERVICIO
12712,JUNIN,468.82,COMERCIAL
14007,CALCETA,184.9,PELUQUERIA
14028,JUNIN,34.28,TIENDA
15585,CALCETA,113.52,COMERCIAL
12157,CALCETA,354.91,COMERCIAL
15328,CALDERON,164.7,COMERCIAL
13050,CALCETA,11.95,FERRETERIA
16606,CALCETA,48.25,TIENDA
13887,CANUTO,52.5,COMERCIAL
16619,CHONE,19.92,TIENDA
15701,CHONE,14.93,TIENDA
13375,CHONE,7.71,TIENDA
11216,CHONE,83.63,COMERCIAL
15660,CHONE,81.22,TIENDA
13278,CHONE,17.1,FARMACIA
10099,JUNIN,410.11,COMERCIAL
15231,PORTOVIEJO,20.9,TIENDA
15690,SANTA ANA,22.01,COMERCIAL
15230,PORTOVIEJO,56.4,TIENDA
15027,SANTA ANA,32.33,COMERCIAL
13205,SANTA ANA,31.71,TIENDA
13944,SANTA ANA,112.1,COMERCIAL
14095,SANTA ANA,63.75,COMERCIAL
